COMPANY,RPNA_DATE_UTC,TIMESTAMP_UTC,RP_ENTITY_ID,ENTITY_TYPE,NEWS_TYPE,RP_STORY_ID,AEV,RP_STORY_EVENT_INDEX,RP_STORY_EVENT_COUNT,PEQ,BEE,BMQ,BAM,BCA,BER,ANL_CHG,MCQ,RPNA_DATE_UTC,,
US/AMZN,2/1/2018,00:25.2,0157B1,COMP,PRESS-RELEASE,52CF37C16D7DF5A974DA6AF239938466,45,2,8,50,50,50,50,50,50,50,50,2/1/2018,,
US/AMZN,2/1/2018,56:05.3,0157B1,COMP,PRESS-RELEASE,D8438048900BD343A32F217BBE1E2AB6,45,3,19,100,50,100,50,50,50,50,50,2/1/2018,,
US/AMZN,2/1/2018,00:00.6,0157B1,COMP,PRESS-RELEASE,9F83A54A4B5D5CB1AC72751311E04E3E,45,1,1,50,50,100,50,100,100,50,100,2/1/2018,,
US/AMZN,2/1/2018,35:03.0,0157B1,COMP,PRESS-RELEASE,C1E19E976F40C1D206B1AE90B577CA19,45,1,4,50,50,50,50,50,50,50,50,2/1/2018,,
US/AMZN,2/1/2018,00:04.2,0157B1,COMP,PRESS-RELEASE,005F4E64DC13F78EF8DA11E1989942BB,45,2,8,50,50,50,50,50,50,50,50,2/1/2018,,
US/AMZN,2/1/2018,00:08.2,0157B1,COMP,PRESS-RELEASE,EBBD9AABF38B4558789F39C812F468D7,45,1,9,100,50,100,50,50,50,50,50,2/1/2018,,
US/AMZN,2/1/2018,00:25.9,0157B1,COMP,PRESS-RELEASE,0D71A6AC897974361FCE911B6C2C0FE1,45,1,9,100,50,100,50,50,50,50,50,2/1/2018,,
US/AMZN,2/1/2018,30:00.4,0157B1,COMP,PRESS-RELEASE,9E276E86D39C479CDCAAFF46A2432873,45,1,1,50,50,50,50,50,50,50,50,2/1/2018,,
US/AMZN,2/1/2018,00:04.2,0157B1,COMP,PRESS-RELEASE,88DC876F8519637EFFCA43EE29AF93C2,45,1,2,50,50,50,50,50,50,50,50,2/1/2018,,
US/AMZN,2/1/2018,48:23.0,0157B1,COMP,PRESS-RELEASE,59AB4B1D95589D273A89F4C3C1E26CEE,45,1,3,50,50,100,50,50,50,50,50,2/1/2018,,
US/AMZN,2/1/2018,45:02.1,0157B1,COMP,PRESS-RELEASE,C93F4DC30436E3B956719464431B10FF,45,2,3,50,50,50,50,100,50,50,50,2/1/2018,,
US/AMZN,2/1/2018,15:02.8,0157B1,COMP,PRESS-RELEASE,736F68E19BBBEC4A00282813911DEFE4,45,4,8,50,50,100,50,50,50,50,50,2/1/2018,,
US/AMZN,3/1/2018,00:05.0,0157B1,COMP,PRESS-RELEASE,A2FD6F875A5C4766715A192F5E7382C8,45,3,13,100,50,100,50,50,50,50,50,3/1/2018,,
US/AMZN,3/1/2018,45:02.0,0157B1,COMP,PRESS-RELEASE,F422249B9BB38A0C055BCF9A5D7940A4,45,2,13,50,50,50,50,50,50,50,50,3/1/2018,,
US/AMZN,3/1/2018,00:04.6,0157B1,COMP,PRESS-RELEASE,921D0AD3158858592143FEDBE75051DF,45,1,1,50,50,50,50,50,50,50,50,3/1/2018,,
US/AMZN,3/1/2018,05:58.5,0157B1,COMP,PRESS-RELEASE,069151DB5CF096833CAF26ADE6E78C4B,45,2,5,100,50,50,50,50,50,50,50,3/1/2018,,
US/AMZN,3/1/2018,30:02.9,0157B1,COMP,PRESS-RELEASE,5CFAF844477E95FBC8B24EB16EB7E32D,45,2,8,100,100,100,100,50,100,50,50,3/1/2018,,
US/AMZN,3/1/2018,01:04.3,0157B1,COMP,PRESS-RELEASE,1F1A330E4F94E82E061F94F7A12C563E,45,1,1,50,50,50,50,50,50,50,50,3/1/2018,,
US/AMZN,3/1/2018,40:01.8,0157B1,COMP,PRESS-RELEASE,B4F38A89D509A39F51D397290C17DCD1,45,1,1,50,50,50,50,50,50,50,50,3/1/2018,,
US/AMZN,3/1/2018,02:00.3,0157B1,COMP,PRESS-RELEASE,972918A80212C481346C4563E930453D,45,1,5,50,50,100,50,100,100,50,100,3/1/2018,,
US/AMZN,3/1/2018,02:00.3,0157B1,COMP,PRESS-RELEASE,F7964BEB81A40D146C226BFA7FD867E0,45,1,1,50,50,100,50,50,50,50,100,3/1/2018,,
US/AMZN,3/1/2018,15:03.1,0157B1,COMP,PRESS-RELEASE,B10633D58F1AD1D210FEB3D6C83883A7,45,1,1,50,50,50,50,50,50,50,50,3/1/2018,,
US/AMZN,3/1/2018,45:00.3,0157B1,COMP,PRESS-RELEASE,32EB7CEE08BAA136095B825BF7FF2FAD,45,1,1,100,50,100,50,50,50,50,50,3/1/2018,,
US/AMZN,3/1/2018,00:00.4,0157B1,COMP,PRESS-RELEASE,558B38451F85ADE6C06E555F6C638F21,45,2,2,100,50,50,50,50,0,50,50,3/1/2018,,
US/AMZN,3/1/2018,10:00.3,0157B1,COMP,PRESS-RELEASE,AA82FF68DA1A386378C232510CC634F4,45,3,4,50,50,100,50,50,50,50,50,3/1/2018,,
US/AMZN,3/1/2018,20:00.3,0157B1,COMP,PRESS-RELEASE,7D9CD61E17A9323E26053E8899F228AA,45,1,3,100,100,100,50,50,50,50,50,3/1/2018,,
US/AMZN,3/1/2018,05:30.8,0157B1,COMP,PRESS-RELEASE,FFBC70F52F70F5C04F68A03E1F7F11DC,45,5,25,50,50,100,50,50,50,50,50,3/1/2018,,
US/AMZN,3/1/2018,25:42.0,0157B1,COMP,PRESS-RELEASE,92667E615EFC0C820B6126E5A38097D9,45,2,8,50,50,100,50,50,50,50,50,3/1/2018,,
US/AMZN,3/1/2018,39:05.3,0157B1,COMP,PRESS-RELEASE,6BB4C97C2A1F0965FCAD97FEF1604199,45,2,4,50,50,50,50,50,50,50,50,3/1/2018,,
US/AMZN,3/1/2018,07:29.9,0157B1,COMP,PRESS-RELEASE,60C49AECB0728AFBEDE131FD05F8139C,45,1,5,50,50,50,50,50,0,50,50,3/1/2018,,
US/AMZN,4/1/2018,40:01.8,0157B1,COMP,PRESS-RELEASE,1346EC9E3C60F9CD272C77A076FD3A30,45,1,6,50,50,100,50,50,50,50,50,4/1/2018,,
US/AMZN,4/1/2018,45:05.4,0157B1,COMP,PRESS-RELEASE,CED146F8FC5A4513877C4C60BAE84A13,45,1,4,50,50,50,50,50,50,50,50,4/1/2018,,
US/AMZN,4/1/2018,45:25.2,0157B1,COMP,PRESS-RELEASE,B21D0A393573A4A61C5E54E4BFA99D2A,45,1,4,50,50,50,50,50,50,50,50,4/1/2018,,
US/AMZN,4/1/2018,55:02.0,0157B1,COMP,PRESS-RELEASE,D98CF06E2821ABD323FA9E72E254DF60,45,3,7,50,50,100,50,50,50,50,50,4/1/2018,,
US/AMZN,4/1/2018,00:00.4,0157B1,COMP,PRESS-RELEASE,5F6F43C65A5CAC3127633C7512540C7E,45,3,12,50,50,50,50,50,50,50,50,4/1/2018,,
US/AMZN,4/1/2018,00:08.4,0157B1,COMP,PRESS-RELEASE,D69C2CC0A001B3949C01D10F39F76898,45,1,3,50,50,50,50,50,50,50,50,4/1/2018,,
US/AMZN,4/1/2018,30:00.3,0157B1,COMP,PRESS-RELEASE,CEA8D9A5624C4A8A218E412BCAAF9C47,45,2,4,100,50,50,50,50,50,50,50,4/1/2018,,
US/AMZN,4/1/2018,00:00.6,0157B1,COMP,PRESS-RELEASE,5F30ED56B666FBF156A4C28CE6AC3186,45,3,14,50,100,50,50,100,100,50,50,4/1/2018,,
US/AMZN,4/1/2018,00:09.5,0157B1,COMP,PRESS-RELEASE,170835A1FD6D8736174ADE57476F4A9B,45,3,4,50,50,50,50,50,50,50,50,4/1/2018,,
US/AMZN,4/1/2018,30:20.5,0157B1,COMP,PRESS-RELEASE,9520B1124EF31F7A75D37FBA7900842B,45,2,13,100,50,50,50,50,50,50,50,4/1/2018,,
US/AMZN,4/1/2018,31:09.8,0157B1,COMP,PRESS-RELEASE,A4731B6A6444EDA38A8DF8A463AED35E,45,2,13,100,50,50,50,50,50,50,50,4/1/2018,,
US/AMZN,4/1/2018,35:01.8,0157B1,COMP,PRESS-RELEASE,C45FCBF18AB34CE9F39199AEB5332B49,45,1,1,50,50,50,50,50,50,50,50,4/1/2018,,
US/AMZN,4/1/2018,00:00.7,0157B1,COMP,PRESS-RELEASE,913DEC9A215D988BB2CFFE571688055B,45,1,5,50,50,100,50,50,50,50,50,4/1/2018,,
US/AMZN,4/1/2018,00:01.1,0157B1,COMP,PRESS-RELEASE,2BEAE1FE2B3125A53B2B35AE7B95337E,45,1,2,50,50,100,50,50,50,50,50,4/1/2018,,
US/AMZN,4/1/2018,00:01.2,0157B1,COMP,PRESS-RELEASE,64C26D1B60A059114611C634D2DEED4A,45,1,2,50,100,100,50,50,50,50,50,4/1/2018,,
US/AMZN,4/1/2018,00:22.4,0157B1,COMP,PRESS-RELEASE,D31059152DD44E4315F2381F69A103D9,45,1,3,50,50,50,50,50,50,50,50,4/1/2018,,
US/AMZN,4/1/2018,30:00.3,0157B1,COMP,PRESS-RELEASE,B23989987D35C45ADFE307CE54A8BB8E,45,3,7,50,100,50,50,100,50,50,50,4/1/2018,,
US/AMZN,4/1/2018,50:02.5,0157B1,COMP,PRESS-RELEASE,08969C90494C8B3561C42540D754FD27,45,1,3,50,50,50,50,50,50,50,50,4/1/2018,,
US/AMZN,4/1/2018,56:56.8,0157B1,COMP,PRESS-RELEASE,756F3688AF99394C4571BF69CB1C2D8E,45,2,6,50,50,100,50,50,50,50,50,4/1/2018,,
US/AMZN,4/1/2018,58:04.1,0157B1,COMP,PRESS-RELEASE,651E872EA6A20D049E7C3D4F3EC7C354,45,3,8,50,50,50,100,100,50,50,50,4/1/2018,,
US/AMZN,4/1/2018,00:06.0,0157B1,COMP,PRESS-RELEASE,491D253E751A6ED152F77A6C93079BDE,45,1,7,50,50,100,50,50,50,50,50,4/1/2018,,
US/AMZN,4/1/2018,12:00.3,0157B1,COMP,PRESS-RELEASE,7F3755CD2F7B4398FE5260A949EEAF29,45,3,8,50,100,100,50,50,50,50,50,4/1/2018,,
US/AMZN,4/1/2018,16:00.3,0157B1,COMP,PRESS-RELEASE,F1526E28E416F338ACB64EE00B7003D4,45,5,5,100,50,100,50,50,0,50,50,4/1/2018,,
US/AMZN,4/1/2018,00:06.4,0157B1,COMP,PRESS-RELEASE,80D19B9479A4E5B3F887CE7E02B67C92,45,2,7,100,50,50,50,50,50,50,50,4/1/2018,,
US/AMZN,4/1/2018,00:25.0,0157B1,COMP,PRESS-RELEASE,60DF382599F25E56950DAEF7CDD54F02,45,2,7,100,50,50,50,50,50,50,50,4/1/2018,,
US/AMZN,4/1/2018,02:00.3,0157B1,COMP,PRESS-RELEASE,407215DC5E84CAEB56FBBC4AE064E73C,45,1,3,50,50,50,50,50,50,50,50,4/1/2018,,
US/AMZN,4/1/2018,48:35.6,0157B1,COMP,PRESS-RELEASE,CE5EFB0A74CD1B02CCA86ECEBD2C06E8,45,2,5,50,50,100,50,100,50,50,50,4/1/2018,,
US/AMZN,4/1/2018,17:33.0,0157B1,COMP,PRESS-RELEASE,A213E7BC6FAC9E28736DF99B10403705,45,3,4,50,50,50,50,50,50,50,50,4/1/2018,,
US/AMZN,4/1/2018,53:00.3,0157B1,COMP,PRESS-RELEASE,E5436FEDB6B2DC1A0E848661385E460B,45,4,11,50,50,50,50,50,50,50,50,4/1/2018,,
US/AMZN,4/1/2018,03:52.0,0157B1,COMP,PRESS-RELEASE,67AF3714BD89BF65C95E61A812BC116F,45,2,11,50,50,100,50,50,50,50,50,4/1/2018,,
US/AMZN,4/1/2018,23:18.7,0157B1,COMP,PRESS-RELEASE,AD2552BC53F097C052A011C0F5D85A8A,45,1,5,50,50,100,50,100,100,50,50,4/1/2018,,
US/AMZN,4/1/2018,15:02.3,0157B1,COMP,PRESS-RELEASE,3AC4726E0291851FD5F01693B632B319,45,1,3,50,50,50,50,50,50,50,50,4/1/2018,,
US/AMZN,4/1/2018,15:03.3,0157B1,COMP,PRESS-RELEASE,4E6358A9FF50F202CD5B4309512C4C18,45,5,7,100,50,50,50,50,50,50,50,4/1/2018,,
US/AMZN,5/1/2018,59:02.0,0157B1,COMP,PRESS-RELEASE,C89BAA2DBA13B6BA32985E301B2E5FF9,45,1,8,50,50,50,50,100,50,50,50,5/1/2018,,
US/AMZN,5/1/2018,01:24.1,0157B1,COMP,PRESS-RELEASE,C77BBB52F6B65E0C07A3F96805D56958,45,2,7,50,50,50,50,50,50,50,50,5/1/2018,,
US/AMZN,5/1/2018,00:05.5,0157B1,COMP,PRESS-RELEASE,1D9FC2C066C85A2F7240403E108F03AE,45,3,12,50,50,100,50,50,50,50,50,5/1/2018,,
US/AMZN,5/1/2018,25:37.5,0157B1,COMP,PRESS-RELEASE,3258FFC3BDC322E8F02CD72EA46E13BE,45,2,7,100,50,50,50,50,50,50,50,5/1/2018,,
US/AMZN,5/1/2018,23:59.4,0157B1,COMP,PRESS-RELEASE,FCBC891F5FD3EEBCA3B3F1E2AB62D4CF,45,2,5,50,50,50,50,50,50,50,50,5/1/2018,,
US/AMZN,5/1/2018,30:00.4,0157B1,COMP,PRESS-RELEASE,5079D1A546CDC96F01ACD7EED6A6B0D6,45,2,3,100,100,50,100,100,100,50,50,5/1/2018,,
US/AMZN,5/1/2018,00:06.0,0157B1,COMP,PRESS-RELEASE,998E83017715B6CB1C2F35BF2DBA7D69,45,4,9,100,100,100,100,100,50,50,50,5/1/2018,,
US/AMZN,5/1/2018,15:02.6,0157B1,COMP,PRESS-RELEASE,A56F133B73F452D4FFF26FFA56E94EE3,45,3,4,100,50,50,50,50,50,50,50,5/1/2018,,
US/AMZN,5/1/2018,00:26.8,0157B1,COMP,PRESS-RELEASE,73784878C707458741BC0108482C8DE0,45,2,7,100,50,50,50,50,50,50,50,5/1/2018,,
US/AMZN,5/1/2018,04:14.0,0157B1,COMP,PRESS-RELEASE,6D59F7F7B2CB2E55E7B8C58FC7265599,45,1,4,50,50,100,50,50,50,50,100,5/1/2018,,
US/AMZN,6/1/2018,26:21.6,0157B1,COMP,PRESS-RELEASE,3B5271936E72362AF8F722A5C2877378,45,1,1,50,50,100,50,50,100,50,50,6/1/2018,,
US/AMZN,8/1/2018,00:02.4,0157B1,COMP,PRESS-RELEASE,B3B2C56A5E79C7BD6AADD00D371FC971,45,4,7,100,50,50,50,50,50,50,50,8/1/2018,,
US/AMZN,8/1/2018,18:45.0,0157B1,COMP,PRESS-RELEASE,66EA4AF101DB0B87BA3EB8D3B9A24F95,45,7,11,0,50,50,50,100,50,50,50,8/1/2018,,
US/AMZN,8/1/2018,00:14.6,0157B1,COMP,PRESS-RELEASE,DAB21665981004AEFD903A48E6A90853,45,4,10,50,50,100,50,50,50,50,50,8/1/2018,,
US/AMZN,8/1/2018,01:02.8,0157B1,COMP,PRESS-RELEASE,49729B3DB5BCDE169A333FD4E83700F1,45,2,5,50,50,50,50,50,50,50,50,8/1/2018,,
US/AMZN,8/1/2018,01:02.9,0157B1,COMP,PRESS-RELEASE,344D8CD5082EDAF6B9C7A611F603E066,45,2,5,50,50,100,50,50,50,50,50,8/1/2018,,
US/AMZN,8/1/2018,00:04.1,0157B1,COMP,PRESS-RELEASE,577787F3E25E5D31A724BF145CD76923,45,1,2,50,50,50,50,50,50,50,50,8/1/2018,,
US/AMZN,8/1/2018,00:00.7,0157B1,COMP,PRESS-RELEASE,4D50AE5A309EE276DDA25FB13D05ED95,45,1,9,50,50,50,50,50,50,50,50,8/1/2018,,
US/AMZN,8/1/2018,00:01.8,0157B1,COMP,PRESS-RELEASE,8BFA8F91E16BFB462BCB743708669650,45,6,7,100,50,50,50,50,50,50,50,8/1/2018,,
US/AMZN,8/1/2018,00:11.4,0157B1,COMP,PRESS-RELEASE,6CDFF63B9319B6FC84A2857BE0AAEE10,45,1,1,50,50,50,50,50,50,50,50,8/1/2018,,
US/AMZN,8/1/2018,30:00.4,0157B1,COMP,PRESS-RELEASE,B8BD4DC3B08C4B8B8FA63D1F7D4DE4DD,45,1,12,50,50,50,50,100,50,50,50,8/1/2018,,
US/AMZN,8/1/2018,00:01.7,0157B1,COMP,PRESS-RELEASE,6AA24CB8151245FD4E20BB3442D4E266,45,2,6,50,50,100,50,50,50,50,100,8/1/2018,,
US/AMZN,8/1/2018,00:12.8,0157B1,COMP,PRESS-RELEASE,4EB31C544310454466207DA8735A8A70,45,5,9,50,50,50,50,50,100,50,50,8/1/2018,,
US/AMZN,8/1/2018,59:57.1,0157B1,COMP,PRESS-RELEASE,E1D4681123194AFA363E36E80AF5DE1B,45,5,9,50,50,100,50,50,50,50,50,8/1/2018,,
US/AMZN,8/1/2018,00:00.9,0157B1,COMP,PRESS-RELEASE,4C7F0CBBFCE845D79366916ABAF08453,45,2,4,50,50,50,50,50,50,50,50,8/1/2018,,
US/AMZN,8/1/2018,00:25.8,0157B1,COMP,PRESS-RELEASE,900185AC3164439CF3A2ADE31DAE0A94,45,5,9,50,50,100,50,50,50,50,50,8/1/2018,,
US/AMZN,8/1/2018,30:14.4,0157B1,COMP,PRESS-RELEASE,ADDFE029341E57426D0BF63E4C8ECED9,45,3,9,100,50,50,50,50,50,50,50,8/1/2018,,
US/AMZN,8/1/2018,30:33.9,0157B1,COMP,PRESS-RELEASE,1B03D3EF7A82F89AEE682BEB70D96F35,45,3,9,100,50,50,50,50,50,50,50,8/1/2018,,
US/AMZN,8/1/2018,00:01.8,0157B1,COMP,PRESS-RELEASE,4D15129C0C05DB02EAE167B82008133D,45,1,1,50,50,100,50,50,50,50,50,8/1/2018,,
US/AMZN,8/1/2018,07:11.4,0157B1,COMP,PRESS-RELEASE,883413F8D7769910526375A6613A4C9F,45,3,3,50,50,50,50,50,50,50,50,8/1/2018,,
US/AMZN,8/1/2018,18:07.0,0157B1,COMP,PRESS-RELEASE,F08759EAEFA696CE8EF5984A23A5A3CD,45,1,5,50,50,100,50,50,50,50,50,8/1/2018,,
US/AMZN,8/1/2018,50:01.6,0157B1,COMP,PRESS-RELEASE,5B146ECE299800122E84121958207C54,45,3,3,50,50,50,50,50,50,50,50,8/1/2018,,
US/AMZN,8/1/2018,04:02.6,0157B1,COMP,PRESS-RELEASE,F35A72C55178F355251241A9CB7D7187,45,1,2,50,50,50,50,50,50,50,50,8/1/2018,,
US/AMZN,8/1/2018,41:04.7,0157B1,COMP,PRESS-RELEASE,6BE4BD8E0FCC2F51BB36F5BF3957DA1B,45,2,4,50,50,50,50,50,50,50,50,8/1/2018,,
US/AMZN,8/1/2018,00:04.0,0157B1,COMP,PRESS-RELEASE,72458CC3B6EABD83A3D449D2963FFDDA,45,1,3,50,100,50,50,50,50,50,50,8/1/2018,,
US/AMZN,8/1/2018,30:00.3,0157B1,COMP,PRESS-RELEASE,02E3B4BFABDF6CA41B25EF0BCFDABCEC,45,4,26,100,50,50,50,50,50,50,50,8/1/2018,,
US/AMZN,8/1/2018,00:05.4,0157B1,COMP,PRESS-RELEASE,A2A2AB6DBFAEB7CC1B98C87994EDE340,45,3,6,100,100,50,50,100,50,50,50,8/1/2018,,
US/AMZN,8/1/2018,30:04.4,0157B1,COMP,PRESS-RELEASE,9BC641B975179D99E807ABDD38838B03,45,3,3,50,50,50,50,50,50,50,50,8/1/2018,,
US/AMZN,8/1/2018,05:02.4,0157B1,COMP,PRESS-RELEASE,60FE1F580E5934490833C03674D68181,45,2,2,50,50,50,50,100,100,50,50,8/1/2018,,
US/AMZN,8/1/2018,00:02.9,0157B1,COMP,PRESS-RELEASE,417B3EBB1ABA0A5274AA86FA1649394E,45,2,5,50,50,100,50,50,50,50,100,8/1/2018,,
US/AMZN,9/1/2018,00:02.9,0157B1,COMP,PRESS-RELEASE,D92F43E3F213E021A61F42A1AF63F4C9,45,2,2,50,50,50,50,50,50,50,50,9/1/2018,,
US/AMZN,9/1/2018,33:45.8,0157B1,COMP,PRESS-RELEASE,1D8BB17BE7AE879C898850FAE19A13DD,45,2,2,50,50,50,50,50,50,50,50,9/1/2018,,
US/AMZN,9/1/2018,35:51.1,0157B1,COMP,PRESS-RELEASE,E6DCB097BFB7798E478F20807A6C067D,45,3,3,100,50,100,50,50,50,50,50,9/1/2018,,
US/AMZN,9/1/2018,05:00.3,0157B1,COMP,PRESS-RELEASE,D4BFD9B9E261E0A74392A5409D935700,45,3,3,50,50,100,50,100,50,50,50,9/1/2018,,
US/AMZN,9/1/2018,36:05.3,0157B1,COMP,PRESS-RELEASE,3260315186986F213587481D862A4CC2,45,1,1,50,50,50,50,50,50,50,50,9/1/2018,,
US/AMZN,9/1/2018,00:25.2,0157B1,COMP,PRESS-RELEASE,41A8EC1C9C5A3A18E6285DEF36539A85,45,1,3,50,50,100,50,50,50,50,100,9/1/2018,,
US/AMZN,9/1/2018,00:49.3,0157B1,COMP,PRESS-RELEASE,271B32686991E45BEE82B058D3920AB7,45,1,3,50,50,100,50,50,50,50,100,9/1/2018,,
US/AMZN,9/1/2018,59:17.5,0157B1,COMP,PRESS-RELEASE,39D99FCC78A5F0C9E30210138945F4FF,45,3,3,50,50,50,50,50,50,50,50,9/1/2018,,
US/AMZN,9/1/2018,30:00.3,0157B1,COMP,PRESS-RELEASE,50B60321B6289B346AE0BA3A30370AFF,45,1,1,50,50,50,50,50,50,50,50,9/1/2018,,
US/AMZN,9/1/2018,00:03.5,0157B1,COMP,PRESS-RELEASE,622CCAFA02B4B32D8C25530EEE64EF6C,45,4,5,100,50,100,50,50,50,50,50,9/1/2018,,
US/AMZN,9/1/2018,30:06.4,0157B1,COMP,PRESS-RELEASE,0B30B9526E1B22C0F4956180DDB19741,45,4,9,100,50,100,50,50,50,50,50,9/1/2018,,
US/AMZN,9/1/2018,00:00.3,0157B1,COMP,PRESS-RELEASE,6E10ECF47E66C2E35327939864A59F7C,45,2,3,50,50,50,50,50,50,50,50,9/1/2018,,
US/AMZN,9/1/2018,00:01.1,0157B1,COMP,PRESS-RELEASE,0A5D2290F47B3A24FC2B02581BC44EEE,45,4,5,50,50,50,50,50,0,50,50,9/1/2018,,
US/AMZN,9/1/2018,00:04.9,0157B1,COMP,PRESS-RELEASE,BAAD420FBE331C81E9E14EA6164DB659,45,1,4,50,50,50,50,50,50,50,50,9/1/2018,,
US/AMZN,9/1/2018,00:09.9,0157B1,COMP,PRESS-RELEASE,D53F7941A3C1A3A47CC3E5B6D036BB8C,45,2,2,50,50,100,50,50,50,50,50,9/1/2018,,
US/AMZN,9/1/2018,30:06.1,0157B1,COMP,PRESS-RELEASE,82C6197D72C157F323021564793EBFC3,45,2,3,100,50,100,50,50,50,50,50,9/1/2018,,
US/AMZN,9/1/2018,35:01.6,0157B1,COMP,PRESS-RELEASE,FE6D5DF0CAC7DEE970A68E293EE171C2,45,4,5,50,50,50,50,50,50,50,50,9/1/2018,,
US/AMZN,9/1/2018,45:00.4,0157B1,COMP,PRESS-RELEASE,051F356D29CCFD37C1CCD170723D0C0F,45,1,2,50,50,50,50,50,50,50,50,9/1/2018,,
US/AMZN,9/1/2018,00:02.6,0157B1,COMP,PRESS-RELEASE,4DD2ECF2868A5D931E857030DF3CA8EB,45,6,6,50,50,50,50,50,50,50,50,9/1/2018,,
US/AMZN,9/1/2018,00:03.2,0157B1,COMP,PRESS-RELEASE,0E4971C22556491AB0CF46A471EBEEB1,45,1,2,50,50,50,50,50,50,50,50,9/1/2018,,
US/AMZN,9/1/2018,00:06.1,0157B1,COMP,PRESS-RELEASE,88078CEA80841FDB719D013E4B088A1B,45,7,15,100,50,50,50,100,100,50,50,9/1/2018,,
US/AMZN,9/1/2018,00:11.9,0157B1,COMP,PRESS-RELEASE,345CBA9CF9B48F71815527B9AAE809DD,45,2,2,50,50,50,50,50,50,50,50,9/1/2018,,
US/AMZN,9/1/2018,00:13.9,0157B1,COMP,PRESS-RELEASE,AD25DB142BE655D0962F430DDAE322FC,45,4,5,50,50,50,50,50,50,50,50,9/1/2018,,
US/AMZN,9/1/2018,00:20.0,0157B1,COMP,PRESS-RELEASE,534E6E74C562191363B0BC1D7483FA20,45,6,8,50,50,0,50,50,50,50,50,9/1/2018,,
US/AMZN,9/1/2018,15:02.1,0157B1,COMP,PRESS-RELEASE,B345A624A6EBED920B56F6853D98E741,45,5,14,100,50,50,50,50,50,50,50,9/1/2018,,
US/AMZN,9/1/2018,29:13.5,0157B1,COMP,PRESS-RELEASE,D270AA7D6560B13E61045CB8478E6E11,45,1,5,50,50,50,50,50,50,50,50,9/1/2018,,
US/AMZN,9/1/2018,30:06.6,0157B1,COMP,PRESS-RELEASE,637B0C365AE2588D4F9731F8610E300E,45,4,150,50,50,100,50,50,100,50,50,9/1/2018,,
US/AMZN,9/1/2018,30:27.3,0157B1,COMP,PRESS-RELEASE,1BD54780F6BC77DE5F0CEA84AD8D706F,45,4,150,50,50,100,50,50,100,50,50,9/1/2018,,
US/AMZN,9/1/2018,31:44.8,0157B1,COMP,PRESS-RELEASE,5782588A91B805CD4035D8BCED1AAE54,45,1,11,50,50,50,50,50,100,50,50,9/1/2018,,
US/AMZN,9/1/2018,05:35.6,0157B1,COMP,PRESS-RELEASE,5589044E3A2EC4DFC6296F4293E69BB2,45,1,2,50,50,100,50,50,50,50,100,9/1/2018,,
US/AMZN,9/1/2018,15:00.2,0157B1,COMP,PRESS-RELEASE,93AFBA3749A2A821E4177AC509C80A50,46,1,1,50,50,50,50,50,50,50,50,9/1/2018,,
US/AMZN,9/1/2018,38:00.3,0157B1,COMP,PRESS-RELEASE,1441C1A339E8BA402D735EA2482DB594,46,2,2,50,50,50,50,100,50,50,50,9/1/2018,,
US/AMZN,10/1/2018,00:02.9,0157B1,COMP,PRESS-RELEASE,94BA7CB2DD269C909E934E6F39F0B303,46,1,3,50,50,50,50,0,0,50,0,10/1/2018,,
US/AMZN,10/1/2018,00:21.1,0157B1,COMP,PRESS-RELEASE,853DB3E18CC9D0AF1635F2B70ABFBF92,46,3,4,50,50,50,50,50,50,50,50,10/1/2018,,
US/AMZN,10/1/2018,00:24.6,0157B1,COMP,PRESS-RELEASE,743E3E857EC23F5D2FEFA4E234931C0B,46,5,11,50,100,100,50,100,50,50,50,10/1/2018,,
US/AMZN,10/1/2018,07:13.6,0157B1,COMP,PRESS-RELEASE,EA207C2EFA0F69A5D9957A1E8A203AA5,46,6,11,50,100,100,50,100,50,50,50,10/1/2018,,
US/AMZN,10/1/2018,00:01.4,0157B1,COMP,PRESS-RELEASE,66D57BC42A9CAD1773C95264342CAF7A,46,1,1,50,50,50,50,50,50,50,50,10/1/2018,,
US/AMZN,10/1/2018,58:00.3,0157B1,COMP,PRESS-RELEASE,46EE1A4950322DA93B8FF24B226F263F,46,3,5,50,50,50,50,50,50,50,50,10/1/2018,,
US/AMZN,10/1/2018,00:07.1,0157B1,COMP,PRESS-RELEASE,6C06A32501D161A3D04CCE270B1FA4A4,46,2,6,50,50,50,50,50,50,50,50,10/1/2018,,
US/AMZN,10/1/2018,00:01.4,0157B1,COMP,PRESS-RELEASE,5BD16585F7D3B92EB181E863C69C4007,46,1,5,50,50,100,50,50,50,50,100,10/1/2018,,
US/AMZN,10/1/2018,01:05.4,0157B1,COMP,PRESS-RELEASE,78539B575132AF48F4DD6D3DB3E28298,46,1,4,50,100,100,50,50,50,50,50,10/1/2018,,
US/AMZN,10/1/2018,15:02.0,0157B1,COMP,PRESS-RELEASE,B4BD10A795124FAA6927A2DBF6871625,46,1,1,100,50,0,50,50,50,50,50,10/1/2018,,
US/AMZN,10/1/2018,38:26.6,0157B1,COMP,PRESS-RELEASE,F408CC66BFDBDD0D37E7E5CA10EFCBC5,46,2,5,50,50,0,50,0,0,50,50,10/1/2018,,
US/AMZN,10/1/2018,45:00.4,0157B1,COMP,PRESS-RELEASE,40BBE2F4ED359E6EF53CE01747199AD1,46,3,6,50,100,50,50,50,50,50,50,10/1/2018,,
US/AMZN,10/1/2018,00:02.0,0157B1,COMP,PRESS-RELEASE,45BA86E326CCE023EA872453125E21E1,46,5,11,50,100,100,50,100,50,50,50,10/1/2018,,
US/AMZN,10/1/2018,00:02.9,0157B1,COMP,PRESS-RELEASE,2F42101D208D6C353FE6311A194BCC6E,46,1,26,50,50,100,50,50,50,50,50,10/1/2018,,
US/AMZN,10/1/2018,27:00.3,0157B1,COMP,PRESS-RELEASE,A77AF95E9D93AD48211DD60DDAD11B14,46,2,23,50,50,50,50,50,50,50,50,10/1/2018,,
US/AMZN,10/1/2018,34:02.9,0157B1,COMP,PRESS-RELEASE,E38CF00562642A9B44EF105CC85726B1,46,1,2,50,50,50,50,50,50,50,50,10/1/2018,,
US/AMZN,10/1/2018,45:05.5,0157B1,COMP,PRESS-RELEASE,D08DF9CD361476A44DC5BE883A6BEB08,46,5,35,100,50,50,50,50,50,50,50,10/1/2018,,
US/AMZN,10/1/2018,45:26.5,0157B1,COMP,PRESS-RELEASE,4F7BC06F23E2770AA6DE15E8CD20B1C3,46,5,35,100,50,50,50,50,50,50,50,10/1/2018,,
US/AMZN,10/1/2018,00:07.5,0157B1,COMP,PRESS-RELEASE,832B4D5391305E0877CC260A2E49A2C9,46,3,33,50,50,50,50,50,50,50,50,10/1/2018,,
US/AMZN,10/1/2018,00:26.9,0157B1,COMP,PRESS-RELEASE,C5EB30AE16D7CCA9ADA66F3929BB7350,46,3,33,50,50,50,50,50,50,50,50,10/1/2018,,
US/AMZN,10/1/2018,31:27.1,0157B1,COMP,PRESS-RELEASE,99DA31986387D6EFC046369968D61989,46,1,3,50,50,50,50,50,50,50,50,10/1/2018,,
US/AMZN,10/1/2018,48:00.3,0157B1,COMP,PRESS-RELEASE,1A61537B6568AE8E6C3073BD83E4EEBE,46,1,2,50,100,50,50,50,50,50,50,10/1/2018,,
US/AMZN,10/1/2018,48:21.3,0157B1,COMP,PRESS-RELEASE,4D7056741236E22AC75FD99028A84335,46,1,8,100,100,100,50,100,50,50,50,10/1/2018,,
US/AMZN,10/1/2018,07:46.7,0157B1,COMP,PRESS-RELEASE,E0744FD7B102C09BFBD5B886EE71658A,46,2,4,50,50,100,50,100,50,50,50,10/1/2018,,
US/AMZN,10/1/2018,05:02.4,0157B1,COMP,PRESS-RELEASE,B8F34211FEB7CCCA06193A7E89E7E9F8,46,2,9,50,100,50,50,50,50,50,50,10/1/2018,,
US/AMZN,10/1/2018,28:31.1,0157B1,COMP,PRESS-RELEASE,2BDBAB2F3D302CFE6BE82BAA5D35F876,46,4,9,50,100,100,50,50,50,50,50,10/1/2018,,
US/AMZN,10/1/2018,57:50.0,0157B1,COMP,PRESS-RELEASE,0C0E9E4D2593CB451C8BC2D156C67590,46,1,2,50,50,100,50,50,50,50,50,10/1/2018,,
US/AMZN,10/1/2018,51:33.9,0157B1,COMP,PRESS-RELEASE,19175A589689D292305EA8FE56A61EE3,46,1,1,50,50,100,50,50,50,50,50,10/1/2018,,
US/AMZN,11/1/2018,30:12.3,0157B1,COMP,PRESS-RELEASE,F7155DF417DF9710DB1F48940D672EB2,45,3,11,50,100,100,50,100,100,50,50,11/1/2018,,
US/AMZN,11/1/2018,30:32.5,0157B1,COMP,PRESS-RELEASE,F4DF9D511500DED40755397A8E4799DF,45,3,11,50,100,100,50,100,100,50,50,11/1/2018,,
US/AMZN,11/1/2018,00:14.0,0157B1,COMP,PRESS-RELEASE,FFCAD95C6EE82DD06E13EEFDD05C5349,45,1,2,50,50,100,50,50,50,50,50,11/1/2018,,
US/AMZN,11/1/2018,15:04.4,0157B1,COMP,PRESS-RELEASE,5D1DD52ED2ED0DCF2909AAEE4B91FCC7,45,5,15,100,50,50,50,50,50,50,50,11/1/2018,,
US/AMZN,11/1/2018,15:24.3,0157B1,COMP,PRESS-RELEASE,D770924DA46BF8CEC9A941BAECA0FB62,45,5,15,100,50,50,50,50,50,50,50,11/1/2018,,
US/AMZN,11/1/2018,30:03.7,0157B1,COMP,PRESS-RELEASE,95E10D005BCBE656030D8C6C7B76EC31,45,2,6,50,50,50,50,50,100,50,50,11/1/2018,,
US/AMZN,11/1/2018,53:35.8,0157B1,COMP,PRESS-RELEASE,4218A5804CDB5B9A522D8B5493FDB20F,45,1,1,50,50,50,50,50,50,50,50,11/1/2018,,
US/AMZN,11/1/2018,00:01.8,0157B1,COMP,PRESS-RELEASE,1B786D9E925B9420302984449DF9DAE9,45,2,5,100,50,100,50,50,50,50,50,11/1/2018,,
US/AMZN,11/1/2018,30:03.8,0157B1,COMP,PRESS-RELEASE,6C9C54685F1DEF3DD70F20B9735B53CA,45,2,3,50,50,100,50,50,50,50,50,11/1/2018,,
US/AMZN,11/1/2018,40:04.0,0157B1,COMP,PRESS-RELEASE,F9404D4572AE0DE3ED559CFB7541B370,45,1,1,50,50,50,50,50,50,50,50,11/1/2018,,
US/AMZN,11/1/2018,43:00.4,0157B1,COMP,PRESS-RELEASE,7BEE6BEC0E9449B34B4E147A3844DAB4,45,2,3,100,50,50,50,50,50,50,50,11/1/2018,,
US/AMZN,11/1/2018,00:00.9,0157B1,COMP,PRESS-RELEASE,7346EE18F215A8D0AB7BFE20B3ED96A6,45,1,4,50,50,100,50,50,50,50,100,11/1/2018,,
US/AMZN,11/1/2018,00:47.4,0157B1,COMP,PRESS-RELEASE,46F2F2964356BC7AF01AE5E927656041,45,1,4,50,100,100,50,50,50,50,50,11/1/2018,,
US/AMZN,11/1/2018,15:00.3,0157B1,COMP,PRESS-RELEASE,177083B74D3E033C6F6C5521F048558D,45,3,7,100,50,50,50,50,50,50,50,11/1/2018,,
US/AMZN,11/1/2018,15:03.8,0157B1,COMP,PRESS-RELEASE,875A6C71D491AD904A0D5D7E8F907A10,45,2,3,50,50,50,50,50,50,50,50,11/1/2018,,
US/AMZN,11/1/2018,31:03.8,0157B1,COMP,PRESS-RELEASE,E3242EF2F5424EE68682F80F8D3BEEE4,45,5,5,50,50,50,50,50,50,50,50,11/1/2018,,
US/AMZN,11/1/2018,07:54.5,0157B1,COMP,PRESS-RELEASE,6AF6EF242AA6B94FF7B872EA38667C41,45,3,7,50,50,50,50,50,50,50,50,11/1/2018,,
US/AMZN,11/1/2018,21:45.1,0157B1,COMP,PRESS-RELEASE,6327C0BEC0430AAFBC56B2387FCA061D,45,6,11,50,100,100,50,100,50,50,50,11/1/2018,,
US/AMZN,11/1/2018,00:00.7,0157B1,COMP,PRESS-RELEASE,047D43C893020D61DBB8631607700628,45,4,8,50,50,50,50,50,100,50,50,11/1/2018,,
US/AMZN,11/1/2018,19:16.8,0157B1,COMP,PRESS-RELEASE,930231A13675499FDD84F5C832627CEF,44,1,3,100,50,50,50,50,50,50,50,11/1/2018,,
US/AMZN,12/1/2018,00:04.1,0157B1,COMP,PRESS-RELEASE,FBD474CAF36B31000215454D9504D742,44,2,2,50,50,50,50,50,50,50,50,12/1/2018,,
US/AMZN,12/1/2018,15:00.4,0157B1,COMP,PRESS-RELEASE,EFF63D009B893EB04BD04607D8E47F14,44,2,3,50,50,50,50,50,50,50,50,12/1/2018,,
US/AMZN,12/1/2018,26:53.8,0157B1,COMP,PRESS-RELEASE,34B935CE899C1949CF9FE01DC7D81DAF,44,2,2,50,50,50,50,50,50,50,50,12/1/2018,,
US/AMZN,12/1/2018,15:04.4,0157B1,COMP,PRESS-RELEASE,C5F231D6EF0756BFA014EC916AB68EBD,44,2,4,50,50,100,50,50,50,50,50,12/1/2018,,
US/AMZN,15/01/2018,00:16.9,0157B1,COMP,PRESS-RELEASE,C69A911E67773A2626B12C75BAB9BA98,45,1,9,50,50,50,50,50,50,50,50,15/01/2018,,
US/AMZN,15/01/2018,00:25.1,0157B1,COMP,PRESS-RELEASE,BE713792D0B018D2CBA8E563BEE3030F,45,3,14,50,50,100,50,50,50,50,50,15/01/2018,,
US/AMZN,15/01/2018,00:56.2,0157B1,COMP,PRESS-RELEASE,C98D85EB457E560AF7B667FA0370EAA5,45,2,9,50,50,100,50,50,50,50,50,15/01/2018,,
US/AMZN,15/01/2018,30:14.3,0157B1,COMP,PRESS-RELEASE,B8657A6A36A5E6324C1689EB9A98562F,45,2,4,50,50,50,50,50,50,50,50,15/01/2018,,
US/AMZN,15/01/2018,00:02.7,0157B1,COMP,PRESS-RELEASE,0EEC9A2B457852F6724A1EB8F8301E4E,45,1,6,50,50,50,50,50,50,50,50,15/01/2018,,
US/AMZN,15/01/2018,18:14.0,0157B1,COMP,PRESS-RELEASE,66B9FE663A205B89C38F117BE6D6113E,45,4,6,50,50,50,50,50,50,50,50,15/01/2018,,
US/AMZN,15/01/2018,30:02.0,0157B1,COMP,PRESS-RELEASE,5006E2C82D33F86DF1A5414D7E77C8CD,45,1,1,50,100,50,50,100,50,50,50,15/01/2018,,
US/AMZN,15/01/2018,28:00.3,0157B1,COMP,PRESS-RELEASE,6CD9CC31FB54022CDD56E75D4BE9823F,46,1,6,50,50,50,50,50,50,50,50,15/01/2018,,
US/AMZN,15/01/2018,00:00.5,0157B1,COMP,PRESS-RELEASE,D1BE710C6D22C1C1392F2264FE4925EA,46,2,3,50,50,50,50,50,50,50,50,15/01/2018,,
US/AMZN,15/01/2018,00:00.2,0157B1,COMP,PRESS-RELEASE,452C86ED3B1E386B5890D2017E5B4AFC,45,3,5,50,50,50,50,50,50,50,50,15/01/2018,,
US/AMZN,15/01/2018,00:00.4,0157B1,COMP,PRESS-RELEASE,1A0F422DC1D21E785B29A65C98EDE4E3,45,3,5,50,50,50,50,50,50,50,50,15/01/2018,,
US/AMZN,15/01/2018,00:00.5,0157B1,COMP,PRESS-RELEASE,FF668DC063E0D16C153D39E17E14BA6F,45,1,4,100,50,50,50,50,50,50,50,15/01/2018,,
US/AMZN,15/01/2018,00:02.1,0157B1,COMP,PRESS-RELEASE,D098F8545638B3A0B1D9BB56FB968360,45,2,9,50,50,100,50,50,50,50,50,15/01/2018,,
US/AMZN,15/01/2018,23:00.3,0157B1,COMP,PRESS-RELEASE,1E62EB796F7C1864EC27F9434D3C62B3,45,2,5,100,50,100,50,50,50,50,50,15/01/2018,,
US/AMZN,15/01/2018,21:39.5,0157B1,COMP,PRESS-RELEASE,1E37F48259AD93D12C05410286B16ED5,45,1,2,50,50,100,50,50,50,50,50,15/01/2018,,
US/AMZN,15/01/2018,40:50.4,0157B1,COMP,PRESS-RELEASE,018C72E3A3FD453D75EFA4F0A6D54BF0,45,2,9,50,100,50,50,50,50,50,50,15/01/2018,,
US/AMZN,15/01/2018,00:00.3,0157B1,COMP,PRESS-RELEASE,0C8C836242F61C8FB1D557ED37EFFFCD,45,3,6,50,50,50,50,50,50,50,50,15/01/2018,,
US/AMZN,15/01/2018,30:04.5,0157B1,COMP,PRESS-RELEASE,A22203A03618929EDCFA694FD285FBD6,45,1,2,50,50,50,50,50,50,50,50,15/01/2018,,
US/AAPL,2/1/2018,47:02.4,D8442A,COMP,PRESS-RELEASE,C5BC0B61B9E75A166204D9D086D6382D,5,5,5,50,50,50,50,50,50,50,50,2/1/2018,,
US/AAPL,2/1/2018,30:02.6,D8442A,COMP,PRESS-RELEASE,E7E05EE1201A77E7A1940A46246B132D,5,4,6,50,50,50,50,50,50,50,50,2/1/2018,,
US/AAPL,2/1/2018,00:02.4,D8442A,COMP,PRESS-RELEASE,B7DACE440B4CD86F22A1BA3F9A48935C,5,4,4,50,50,50,50,50,50,50,50,2/1/2018,,
US/AAPL,2/1/2018,24:00.3,D8442A,COMP,PRESS-RELEASE,54E230446FFF4E55CD31C0639EDCB8A2,5,18,18,100,50,100,50,50,50,50,50,2/1/2018,,
US/AAPL,2/1/2018,44:24.9,D8442A,COMP,PRESS-RELEASE,D510E6D082659DD787B16798EE9603A8,5,1,5,50,50,50,50,50,50,50,50,2/1/2018,,
US/AAPL,2/1/2018,00:04.1,D8442A,COMP,PRESS-RELEASE,47645A438DA6EB41092EB96E99F0E41D,5,1,4,50,50,50,50,50,50,50,50,2/1/2018,,
US/AAPL,2/1/2018,00:08.9,D8442A,COMP,PRESS-RELEASE,3474C75082D75533B7DAE32095D38A3F,5,1,4,50,50,50,50,50,50,50,50,2/1/2018,,
US/AAPL,2/1/2018,00:12.5,D8442A,COMP,PRESS-RELEASE,862ADEA624EE4C914454C29E9DB122EB,5,5,5,100,50,50,50,50,50,50,50,2/1/2018,,
US/AAPL,2/1/2018,00:51.1,D8442A,COMP,PRESS-RELEASE,B055DFA82FCE566B3E376AA9BFE72179,5,1,4,50,50,50,50,50,50,50,50,2/1/2018,,
US/AAPL,2/1/2018,08:00.3,D8442A,COMP,PRESS-RELEASE,558C822FA5344C1BCD0FB52402D87990,5,1,2,50,50,100,50,50,50,50,50,2/1/2018,,
US/AAPL,2/1/2018,30:01.7,D8442A,COMP,PRESS-RELEASE,D5377E8B08889E8C724A5B0054F51F10,5,3,3,50,50,50,50,50,50,50,50,2/1/2018,,
US/AAPL,2/1/2018,41:42.0,D8442A,COMP,PRESS-RELEASE,D61FAE1AE0670D26391BA19693118D2B,5,2,3,50,50,50,50,50,50,50,50,2/1/2018,,
US/AAPL,2/1/2018,55:41.7,D8442A,COMP,PRESS-RELEASE,ED7FB37A347725B70E5E2256B470B976,5,1,1,100,100,100,50,100,100,50,50,2/1/2018,,
US/AAPL,2/1/2018,00:06.0,D8442A,COMP,PRESS-RELEASE,35D2A4E1D76C5E1CF9D778D56EE4EFEB,5,3,3,0,100,100,50,100,100,50,50,2/1/2018,,
US/AAPL,2/1/2018,31:02.0,D8442A,COMP,PRESS-RELEASE,602EEC0E367EB532F5A4F63E4C93B26B,5,1,5,50,50,50,50,50,50,50,50,2/1/2018,,
US/AAPL,2/1/2018,00:00.3,D8442A,COMP,PRESS-RELEASE,CFEDA5F00C3C691BB4991A440DFD5437,5,7,8,50,50,50,50,50,0,50,50,2/1/2018,,
US/AAPL,2/1/2018,00:00.4,D8442A,COMP,PRESS-RELEASE,C374604369BEF11131EF430F2E4BE959,5,2,5,50,50,50,50,50,50,50,50,2/1/2018,,
US/AAPL,2/1/2018,00:03.9,D8442A,COMP,PRESS-RELEASE,CE687942CE76A9D4F31E15411E069C50,5,4,4,50,50,100,50,100,50,50,50,2/1/2018,,
US/AAPL,2/1/2018,01:43.7,D8442A,COMP,PRESS-RELEASE,A63DA93A1E5C6D64C0D496D4379B8722,5,1,4,50,50,100,50,50,50,50,50,2/1/2018,,
US/AAPL,2/1/2018,32:34.1,D8442A,COMP,PRESS-RELEASE,41DC949F2FD68288C1D067B8C3389F84,5,2,3,50,100,100,50,50,50,50,50,2/1/2018,,
US/AAPL,2/1/2018,27:00.0,D8442A,COMP,PRESS-RELEASE,67EB8B042A06D9A32C5FA9C84190C45C,5,1,2,50,50,50,50,50,50,50,50,2/1/2018,,
US/AAPL,3/1/2018,00:04.5,D8442A,COMP,PRESS-RELEASE,69F423488327F588B5BF35B383CE6D9D,5,1,3,50,50,50,50,50,50,50,50,3/1/2018,,
US/AAPL,3/1/2018,00:26.9,D8442A,COMP,PRESS-RELEASE,CCD986235D1532776DBDBD8A5B21EA9C,5,1,3,50,50,50,50,50,50,50,50,3/1/2018,,
US/AAPL,3/1/2018,00:09.3,D8442A,COMP,PRESS-RELEASE,068B1B17DB744C6D7D9F6A5DCF05D849,5,4,4,50,50,100,50,50,50,50,50,3/1/2018,,
US/AAPL,3/1/2018,30:00.3,D8442A,COMP,PRESS-RELEASE,77044ED82C83D59FF26423ED92C79869,5,1,2,50,50,100,50,50,50,50,50,3/1/2018,,
US/AAPL,3/1/2018,00:05.3,D8442A,COMP,PRESS-RELEASE,20CA59B416FF9AF8E2AC942A61836CBB,5,3,3,50,50,50,50,50,50,50,50,3/1/2018,,
US/AAPL,3/1/2018,58:00.3,D8442A,COMP,PRESS-RELEASE,A3F8AB84A6A9346D972094129EC7EA44,5,13,14,50,50,100,50,50,50,50,50,3/1/2018,,
US/AAPL,3/1/2018,00:00.3,D8442A,COMP,PRESS-RELEASE,CAA7B2EA21AC5E8EE1D1013199B07FFB,5,7,8,50,50,50,50,50,50,50,50,3/1/2018,,
US/AAPL,3/1/2018,00:00.4,D8442A,COMP,PRESS-RELEASE,8631204B0D06644222984C1ACBA7F702,5,7,9,50,50,100,50,50,50,50,50,3/1/2018,,
US/AAPL,3/1/2018,00:04.1,D8442A,COMP,PRESS-RELEASE,2E6787A3262163DE4E6505DF89C96AFA,5,7,7,50,50,50,50,50,50,50,50,3/1/2018,,
US/AAPL,3/1/2018,00:04.6,D8442A,COMP,PRESS-RELEASE,BDE34B2644D8E517FE8CB8F99F60664D,5,2,6,50,50,50,50,50,50,50,50,3/1/2018,,
US/AAPL,3/1/2018,00:51.1,D8442A,COMP,PRESS-RELEASE,BECE3D3DB4AE177FBA0BB12AEDE7142C,5,7,8,50,50,50,50,50,50,50,50,3/1/2018,,
US/AAPL,3/1/2018,00:02.8,D8442A,COMP,PRESS-RELEASE,1EA463B7A3C4A051D496D54C6CEA7619,5,1,16,50,50,100,50,50,50,50,50,3/1/2018,,
US/AAPL,3/1/2018,00:06.7,D8442A,COMP,PRESS-RELEASE,8AA18A5DB6F569E98EBEB689D96B95DE,5,3,3,50,50,100,50,50,50,50,50,3/1/2018,,
US/AAPL,3/1/2018,00:06.8,D8442A,COMP,PRESS-RELEASE,072E5D8F298470FAC60CE7A9F6CAD911,5,4,4,50,50,100,50,50,50,50,50,3/1/2018,,
US/AAPL,3/1/2018,00:07.1,D8442A,COMP,PRESS-RELEASE,DABAA0B292C051F06A1C9E20DF34D1E6,5,3,3,50,50,100,50,50,50,50,50,3/1/2018,,
US/AAPL,3/1/2018,00:10.8,D8442A,COMP,PRESS-RELEASE,FC9CA1E9738108DAC228A2917B7EC43A,5,3,3,50,50,100,50,50,50,50,50,3/1/2018,,
US/AAPL,3/1/2018,30:26.3,D8442A,COMP,PRESS-RELEASE,8451F5FD8859F3C286FBBCD44D09B3AC,5,2,3,100,50,50,50,50,50,50,50,3/1/2018,,
US/AAPL,3/1/2018,31:31.9,D8442A,COMP,PRESS-RELEASE,A1177E35517AE3302E3D13D6270B06B9,5,2,3,100,50,50,50,50,50,50,50,3/1/2018,,
US/AAPL,3/1/2018,40:02.7,D8442A,COMP,PRESS-RELEASE,C36D813D205F0DC88AB456A0518F38AC,5,1,1,50,50,50,50,50,50,50,50,3/1/2018,,
US/AAPL,3/1/2018,50:02.0,D8442A,COMP,PRESS-RELEASE,9F06E76DE73A64643346E6295727DC02,5,3,4,50,50,100,50,50,50,50,50,3/1/2018,,
US/AAPL,3/1/2018,00:01.2,D8442A,COMP,PRESS-RELEASE,E375AAC08BAB39CEDE8F8CC5C4D09736,5,1,2,50,50,50,50,50,50,50,50,3/1/2018,,
US/AAPL,3/1/2018,00:07.2,D8442A,COMP,PRESS-RELEASE,0F3E0AFAC5A9918F865E6F680988E350,5,1,1,50,50,50,50,50,50,50,50,3/1/2018,,
US/AAPL,3/1/2018,00:09.1,D8442A,COMP,PRESS-RELEASE,F8EA8A5B60BF415F1AD2157F5903B8B2,5,2,2,50,50,50,50,50,50,50,50,3/1/2018,,
US/AAPL,3/1/2018,00:09.8,D8442A,COMP,PRESS-RELEASE,ED632537D4C53E904F6942283A968F0A,5,2,2,100,50,50,50,50,50,50,50,3/1/2018,,
US/AAPL,3/1/2018,00:12.5,D8442A,COMP,PRESS-RELEASE,9FC75F79C4F700EFC3AAE8A2D1547C3E,5,2,2,100,50,50,50,50,50,50,50,3/1/2018,,
US/AAPL,3/1/2018,00:19.9,D8442A,COMP,PRESS-RELEASE,8F361961175FB109B37826699564BA9F,5,3,7,50,50,50,50,50,50,50,50,3/1/2018,,
US/AAPL,3/1/2018,00:21.5,D8442A,COMP,PRESS-RELEASE,8283A9ECBE3679B5B3DFD85472020FAB,5,1,16,50,50,100,50,50,50,50,50,3/1/2018,,
US/AAPL,3/1/2018,02:05.9,D8442A,COMP,PRESS-RELEASE,FD0405000CB3F90899717FFE6188DF87,5,1,16,50,50,100,50,50,50,50,50,3/1/2018,,
US/AAPL,3/1/2018,00:03.4,D8442A,COMP,PRESS-RELEASE,611EDF03FD96B770ACFD0BF096908AAD,5,1,1,50,50,100,50,50,50,50,50,3/1/2018,,
US/AAPL,3/1/2018,15:03.4,D8442A,COMP,PRESS-RELEASE,A0127E2E407415BE273C4605C45CB6AE,5,13,14,100,50,100,50,50,50,50,50,3/1/2018,,
US/AAPL,3/1/2018,15:24.5,D8442A,COMP,PRESS-RELEASE,DF2A3911786C7764E6ED2E71CA327A75,5,13,14,100,50,100,50,50,50,50,50,3/1/2018,,
US/AAPL,3/1/2018,33:00.4,D8442A,COMP,PRESS-RELEASE,529DAAE229C51471D63687A953816C2E,5,1,2,50,50,50,50,50,50,50,50,3/1/2018,,
US/AAPL,3/1/2018,49:43.6,D8442A,COMP,PRESS-RELEASE,9A50F5A825CADA200FE78685448B4B58,5,1,2,50,50,50,50,50,50,50,50,3/1/2018,,
US/AAPL,3/1/2018,49:43.8,D8442A,COMP,PRESS-RELEASE,8870B97ED4367F89A123AB8F44E01CDC,5,1,2,50,50,50,50,50,50,50,50,3/1/2018,,
US/AAPL,3/1/2018,54:45.6,D8442A,COMP,PRESS-RELEASE,F93C0E6E65C1332452014E5F0EE4AB4A,5,2,4,50,50,100,50,50,50,50,50,3/1/2018,,
US/AAPL,3/1/2018,36:00.3,D8442A,COMP,PRESS-RELEASE,4039F8C40DF864DB8856E230EDBA0B17,5,1,1,50,100,100,50,50,50,50,50,3/1/2018,,
US/AAPL,3/1/2018,42:37.9,D8442A,COMP,PRESS-RELEASE,E440A5DD17EC4518EBB9F07A7E6D03FA,5,3,3,100,50,50,50,50,50,50,50,3/1/2018,,
US/AAPL,3/1/2018,44:07.0,D8442A,COMP,PRESS-RELEASE,64F96CE4C1FEDDD7C52245235C52C37A,5,1,13,50,50,50,50,50,50,50,50,3/1/2018,,
US/AAPL,3/1/2018,07:29.9,D8442A,COMP,PRESS-RELEASE,60C49AECB0728AFBEDE131FD05F8139C,5,3,5,50,50,50,50,50,0,50,50,3/1/2018,,
US/AAPL,4/1/2018,01:44.2,D8442A,COMP,PRESS-RELEASE,B073EBF875E9DF6B97C07DCB626CD892,5,1,16,50,50,100,50,50,50,50,50,4/1/2018,,
US/AAPL,4/1/2018,40:03.1,D8442A,COMP,PRESS-RELEASE,55231690C7CC378F2C71E4C1EE07C399,5,8,8,50,50,50,50,50,50,50,50,4/1/2018,,
US/AAPL,4/1/2018,00:26.2,D8442A,COMP,PRESS-RELEASE,DB4D140680F0A2BA07FA53F8FEDCA69B,5,1,16,50,50,100,50,50,50,50,50,4/1/2018,,
US/AAPL,4/1/2018,45:34.1,D8442A,COMP,PRESS-RELEASE,8F1BC1E9DBF801D0B99D3633587EE1CF,5,2,3,50,50,100,50,50,50,50,50,4/1/2018,,
US/AAPL,4/1/2018,00:00.4,D8442A,COMP,PRESS-RELEASE,5F6F43C65A5CAC3127633C7512540C7E,5,6,12,50,50,50,50,50,50,50,50,4/1/2018,,
US/AAPL,4/1/2018,00:00.7,D8442A,COMP,PRESS-RELEASE,243D7DB40AC6BCD9BB5031C3D0618BD2,5,3,3,50,50,100,50,50,50,50,50,4/1/2018,,
US/AAPL,4/1/2018,00:08.0,D8442A,COMP,PRESS-RELEASE,81281BD8F36A2A2F86523260F2653775,5,3,3,50,50,50,50,100,50,50,50,4/1/2018,,
US/AAPL,4/1/2018,00:13.3,D8442A,COMP,PRESS-RELEASE,28DFEE711E06A4204E4904BAA1976F9F,5,11,11,50,50,50,50,50,50,50,50,4/1/2018,,
US/AAPL,4/1/2018,07:00.1,D8442A,COMP,PRESS-RELEASE,3C3DBEA5BCBDD40EC705AB9B6E289232,5,2,6,50,100,100,50,100,50,50,50,4/1/2018,,
US/AAPL,4/1/2018,15:00.4,D8442A,COMP,PRESS-RELEASE,E4FDC2342E7719272EBD3245A722CF82,5,2,5,50,50,50,50,50,100,50,50,4/1/2018,,
US/AAPL,4/1/2018,30:03.0,D8442A,COMP,PRESS-RELEASE,ED717FCF6149D64430747280BD377760,5,2,3,50,50,100,50,50,50,50,50,4/1/2018,,
US/AAPL,4/1/2018,50:02.4,D8442A,COMP,PRESS-RELEASE,006D2F87961D657A8F7A351097C58DBF,5,2,2,50,50,50,50,50,100,50,50,4/1/2018,,
US/AAPL,4/1/2018,00:00.6,D8442A,COMP,PRESS-RELEASE,A441C627E7771B4EF42ED6A1D304A250,5,1,1,50,50,50,50,50,50,50,50,4/1/2018,,
US/AAPL,4/1/2018,00:00.8,D8442A,COMP,PRESS-RELEASE,554834DABA0D6717483BB68DDD33AB5A,5,3,6,50,50,50,50,50,50,50,50,4/1/2018,,
US/AAPL,4/1/2018,00:19.8,D8442A,COMP,PRESS-RELEASE,C7962EA37CB513723EE221C68CB16D37,5,1,1,50,50,100,50,100,50,50,50,4/1/2018,,
US/AAPL,4/1/2018,30:00.3,D8442A,COMP,PRESS-RELEASE,B23989987D35C45ADFE307CE54A8BB8E,5,4,7,50,100,50,50,100,50,50,50,4/1/2018,,
US/AAPL,4/1/2018,30:02.1,D8442A,COMP,PRESS-RELEASE,4DE786ADD549355ECD21957F8BC19913,5,1,1,50,50,50,50,50,50,50,50,4/1/2018,,
US/AAPL,4/1/2018,00:02.9,D8442A,COMP,PRESS-RELEASE,1CD71FBB9CFFED184B184E112494308B,5,1,4,100,50,50,50,50,50,50,50,4/1/2018,,
US/AAPL,4/1/2018,00:04.6,D8442A,COMP,PRESS-RELEASE,A09CCA86BBED03DB7674BD8D096E30BA,5,4,7,50,50,50,50,50,50,50,50,4/1/2018,,
US/AAPL,4/1/2018,00:57.5,D8442A,COMP,PRESS-RELEASE,664CF61A8F833DD94C15E9C14657D0C3,5,4,4,100,50,50,50,50,50,50,50,4/1/2018,,
US/AAPL,4/1/2018,03:03.0,D8442A,COMP,PRESS-RELEASE,4AF8FF42546DBE9DBDF9175E12AAF376,5,1,3,50,50,50,50,50,50,50,50,4/1/2018,,
US/AAPL,4/1/2018,06:15.8,D8442A,COMP,PRESS-RELEASE,A722C42A5FD429E2C6160EE7C3A61E19,5,6,6,50,50,50,50,100,50,50,50,4/1/2018,,
US/AAPL,4/1/2018,45:04.3,D8442A,COMP,PRESS-RELEASE,4C910ADA7D1C5F8FF56A4CD7E7D859B4,5,5,5,50,50,50,50,50,50,50,50,4/1/2018,,
US/AAPL,4/1/2018,45:24.0,D8442A,COMP,PRESS-RELEASE,07C2E7E0A9FEC898D6E84E83DD5B25DA,5,5,5,50,50,50,50,50,50,50,50,4/1/2018,,
US/AAPL,4/1/2018,00:00.3,D8442A,COMP,PRESS-RELEASE,A832AFA670C2EAFF4D01615E9C1E4599,5,3,3,50,50,100,50,50,50,50,50,4/1/2018,,
US/AAPL,4/1/2018,02:00.3,D8442A,COMP,PRESS-RELEASE,407215DC5E84CAEB56FBBC4AE064E73C,5,2,3,50,50,50,50,50,50,50,50,4/1/2018,,
US/AAPL,4/1/2018,00:02.4,D8442A,COMP,PRESS-RELEASE,B4CAC73EA83A718F1704C700B97DD685,5,3,13,100,50,100,50,100,100,50,50,4/1/2018,,
US/AAPL,4/1/2018,32:00.3,D8442A,COMP,PRESS-RELEASE,35850FAB1D39673D613659C1A4EFFC97,5,6,6,50,50,50,50,50,50,50,50,4/1/2018,,
US/AAPL,4/1/2018,33:00.3,D8442A,COMP,PRESS-RELEASE,AC784AB796175BCB802D468B2EB63625,5,1,8,50,50,50,50,50,50,50,50,4/1/2018,,
US/AAPL,4/1/2018,33:00.3,D8442A,COMP,PRESS-RELEASE,A779B322A7C493FE044F270B77283CEE,5,5,6,100,50,50,50,50,50,50,50,4/1/2018,,
US/AAPL,4/1/2018,00:02.4,D8442A,COMP,PRESS-RELEASE,6A27195BADD9491B85C90225814B8C75,5,5,5,50,50,50,50,50,50,50,50,4/1/2018,,
US/AAPL,4/1/2018,00:03.1,D8442A,COMP,PRESS-RELEASE,5397C110481DC3522528EAE19F6B6B38,5,2,6,50,50,50,50,50,50,50,50,4/1/2018,,
US/AAPL,4/1/2018,48:35.6,D8442A,COMP,PRESS-RELEASE,CE5EFB0A74CD1B02CCA86ECEBD2C06E8,5,3,5,50,50,100,50,100,50,50,50,4/1/2018,,
US/AAPL,4/1/2018,16:21.1,D8442A,COMP,PRESS-RELEASE,EB0A0B51218244A9BBA280EA21411AD7,5,1,2,100,50,50,50,50,50,50,50,4/1/2018,,
US/AAPL,4/1/2018,00:00.3,D8442A,COMP,PRESS-RELEASE,B0035806677262FEC8F1BAADBBE8F24B,5,1,5,50,50,50,50,100,100,50,50,4/1/2018,,
US/AAPL,4/1/2018,22:00.3,D8442A,COMP,PRESS-RELEASE,550DEEE070CBA3FA8343BEA861354E0C,5,1,4,50,50,100,50,50,50,50,50,4/1/2018,,
US/AAPL,4/1/2018,56:00.5,D8442A,COMP,PRESS-RELEASE,6E00B1FA15E43A1BBCB7CE8EC2B12EA0,5,12,12,50,50,100,50,50,50,50,50,4/1/2018,,
US/AAPL,5/1/2018,09:07.9,D8442A,COMP,PRESS-RELEASE,113C2BC69CB2AA150B6E21E013016AE3,5,1,1,50,50,50,50,50,50,50,50,5/1/2018,,
US/AAPL,5/1/2018,19:05.8,D8442A,COMP,PRESS-RELEASE,C2C896CED336F40294936A13E09970C5,5,2,3,100,50,50,50,50,50,50,50,5/1/2018,,
US/AAPL,5/1/2018,23:59.4,D8442A,COMP,PRESS-RELEASE,FCBC891F5FD3EEBCA3B3F1E2AB62D4CF,5,1,5,50,50,50,50,50,50,50,50,5/1/2018,,
US/AAPL,5/1/2018,35:01.6,D8442A,COMP,PRESS-RELEASE,FED756849D2E3306536705D53902E774,5,4,4,50,50,100,50,50,50,50,50,5/1/2018,,
US/AAPL,5/1/2018,00:05.3,D8442A,COMP,PRESS-RELEASE,E0C9DC3693228787C08FFB6595F40CAD,5,6,6,50,50,50,50,50,50,50,50,5/1/2018,,
US/AAPL,5/1/2018,00:18.9,D8442A,COMP,PRESS-RELEASE,DA77CC77ED97D294C5BD54AD16CF9EC1,5,6,6,50,50,50,50,50,50,50,50,5/1/2018,,
US/AAPL,5/1/2018,00:47.3,D8442A,COMP,PRESS-RELEASE,60936D68DDDC1B059078EFF7F9AF3188,5,2,2,50,50,50,50,50,100,50,50,5/1/2018,,
US/AAPL,5/1/2018,01:14.7,D8442A,COMP,PRESS-RELEASE,5FAFF1C8253FCF3C47CD7C3133B729A7,5,6,6,50,50,50,50,50,50,50,50,5/1/2018,,
US/AAPL,5/1/2018,05:00.3,D8442A,COMP,PRESS-RELEASE,B56604BB123C1F233341F74EE4E05743,5,4,4,50,50,50,50,50,50,50,50,5/1/2018,,
US/AAPL,5/1/2018,15:00.3,D8442A,COMP,PRESS-RELEASE,AB3F02722FEB2A6D6D2EC5B02400286D,5,11,11,50,50,100,50,50,50,50,50,5/1/2018,,
US/AAPL,5/1/2018,00:04.4,D8442A,COMP,PRESS-RELEASE,37A00ACBAAB9E82519BC135D15F4DEDC,4,2,2,50,50,100,50,100,100,50,50,5/1/2018,,
US/AAPL,5/1/2018,04:14.0,D8442A,COMP,PRESS-RELEASE,6D59F7F7B2CB2E55E7B8C58FC7265599,4,3,4,50,50,100,50,50,50,50,50,5/1/2018,,
US/AAPL,5/1/2018,10:04.3,D8442A,COMP,PRESS-RELEASE,1DDCB407C842BA0147FDD083CA0E1431,4,5,5,50,50,50,50,50,50,50,50,5/1/2018,,
US/AAPL,5/1/2018,30:00.3,D8442A,COMP,PRESS-RELEASE,2B4BC05341CC2C51F8C8A10FEF51590A,4,7,7,100,100,100,50,100,50,50,50,5/1/2018,,
US/AAPL,5/1/2018,00:02.9,D8442A,COMP,PRESS-RELEASE,A55871C7D09C86CC6E8A52E5C5721179,4,2,7,50,50,100,50,50,50,50,50,5/1/2018,,
US/AAPL,5/1/2018,16:25.6,D8442A,COMP,PRESS-RELEASE,809159769E2C9D0858314EA5DC4EE355,4,2,2,50,50,100,50,50,50,50,50,5/1/2018,,
US/AAPL,5/1/2018,42:00.4,D8442A,COMP,PRESS-RELEASE,A30D4F3E8541677E631CA3F5EBA5963E,4,1,1,50,50,50,50,50,100,50,50,5/1/2018,,
US/AAPL,5/1/2018,00:02.1,D8442A,COMP,PRESS-RELEASE,6320CF95F23B88DED56C332E7C988D11,4,2,4,50,50,50,50,50,50,50,50,5/1/2018,,
US/AAPL,5/1/2018,00:02.8,D8442A,COMP,PRESS-RELEASE,DAC97177267D3B1ED71B2C7A59C3A617,4,3,9,50,50,100,50,50,50,50,50,5/1/2018,,
US/AAPL,5/1/2018,17:00.2,D8442A,COMP,PRESS-RELEASE,70632D71F45C0641C442F42D7FCCFF8E,4,5,5,100,50,100,50,50,50,50,50,5/1/2018,,
US/AAPL,5/1/2018,17:00.3,D8442A,COMP,PRESS-RELEASE,B1C5CD2D9495E5BEF3ED5C5CD0F64AD7,4,3,3,50,50,50,50,50,50,50,50,5/1/2018,,
US/AAPL,5/1/2018,51:00.4,D8442A,COMP,PRESS-RELEASE,291DAB1128839187EE07D754FA2BCF1D,4,1,1,50,50,50,50,50,50,50,50,5/1/2018,,
US/AAPL,6/1/2018,22:01.8,D8442A,COMP,PRESS-RELEASE,2B9AACD074006C52FB3421A863E43AA2,5,1,1,50,0,50,50,50,50,50,0,6/1/2018,,
US/AAPL,6/1/2018,32:01.8,D8442A,COMP,PRESS-RELEASE,C2C6DE66762CBEC872720AD39AD08C0C,5,1,1,50,50,100,50,50,50,50,100,6/1/2018,,
US/AAPL,7/1/2018,01:30.6,D8442A,COMP,PRESS-RELEASE,3266D1AC05DFE94269CF59F3850730DD,5,1,2,50,50,100,50,50,50,50,50,7/1/2018,,
US/AAPL,7/1/2018,00:02.1,D8442A,COMP,PRESS-RELEASE,C47111DEBBC5E005406F14AD361BF567,5,1,7,50,50,50,50,50,50,50,50,7/1/2018,,
US/AAPL,8/1/2018,45:00.4,D8442A,COMP,PRESS-RELEASE,03463EDA0252C5707736434C42F96CFB,5,2,5,50,50,100,50,50,100,50,50,8/1/2018,,
US/AAPL,8/1/2018,00:04.8,D8442A,COMP,PRESS-RELEASE,7EB877AA6F11D5B078498FDDBFD5DC6C,5,1,6,50,50,50,50,50,50,50,50,8/1/2018,,
US/AAPL,8/1/2018,00:14.6,D8442A,COMP,PRESS-RELEASE,DAB21665981004AEFD903A48E6A90853,5,10,10,50,50,100,50,50,50,50,50,8/1/2018,,
US/AAPL,8/1/2018,00:26.5,D8442A,COMP,PRESS-RELEASE,54084E12038BE527FC231229EA06CD7F,5,1,4,50,50,100,50,50,50,50,50,8/1/2018,,
US/AAPL,8/1/2018,01:02.8,D8442A,COMP,PRESS-RELEASE,49729B3DB5BCDE169A333FD4E83700F1,5,1,5,50,50,50,50,50,50,50,50,8/1/2018,,
US/AAPL,8/1/2018,01:02.9,D8442A,COMP,PRESS-RELEASE,344D8CD5082EDAF6B9C7A611F603E066,5,4,5,50,50,100,50,50,50,50,50,8/1/2018,,
US/AAPL,8/1/2018,08:03.0,D8442A,COMP,PRESS-RELEASE,68FB37A02359C596D3D8E73280216475,5,3,3,50,50,100,50,50,50,50,50,8/1/2018,,
US/AAPL,8/1/2018,00:01.8,D8442A,COMP,PRESS-RELEASE,8BFA8F91E16BFB462BCB743708669650,5,4,7,100,50,50,50,50,50,50,50,8/1/2018,,
US/AAPL,8/1/2018,10:05.6,D8442A,COMP,PRESS-RELEASE,F4941352A5CE90487F914EF6B0E0A87E,5,2,5,50,50,50,50,50,50,50,50,8/1/2018,,
US/AAPL,8/1/2018,00:06.9,D8442A,COMP,PRESS-RELEASE,A47E3C93E8607F6E1BEADA7A3E66EE09,5,1,1,50,50,100,50,50,50,50,50,8/1/2018,,
US/AAPL,8/1/2018,00:12.8,D8442A,COMP,PRESS-RELEASE,4EB31C544310454466207DA8735A8A70,5,2,9,50,50,50,50,50,100,50,50,8/1/2018,,
US/AAPL,8/1/2018,00:14.3,D8442A,COMP,PRESS-RELEASE,A6258AB942A4FA59D8175B3779F45E3B,5,7,7,50,50,50,50,50,50,50,50,8/1/2018,,
US/AAPL,8/1/2018,00:15.4,D8442A,COMP,PRESS-RELEASE,2BB58B46B89AFC69BBF121ABCCA5A2BA,5,2,2,50,50,50,50,50,50,50,50,8/1/2018,,
US/AAPL,8/1/2018,00:21.4,D8442A,COMP,PRESS-RELEASE,7EC83DB99EF9AFEB8303C7A6A853C2E7,5,7,7,50,50,50,50,50,50,50,50,8/1/2018,,
US/AAPL,8/1/2018,01:02.0,D8442A,COMP,PRESS-RELEASE,6E0063175E34F1AFAA33E9C5021934F2,5,3,6,50,50,100,50,50,50,50,50,8/1/2018,,
US/AAPL,8/1/2018,01:03.1,D8442A,COMP,PRESS-RELEASE,C52B61013F8D0940AA280E0154839124,5,2,4,50,50,0,50,50,50,50,0,8/1/2018,,
US/AAPL,8/1/2018,02:01.9,D8442A,COMP,PRESS-RELEASE,402D5C2AAB299C7E6F9162D9959903C2,5,1,5,100,50,0,50,50,50,50,0,8/1/2018,,
US/AAPL,8/1/2018,02:14.8,D8442A,COMP,PRESS-RELEASE,A5682FDE6C14E51C3C67DE2838624CDB,5,7,7,50,50,50,50,50,50,50,50,8/1/2018,,
US/AAPL,8/1/2018,04:02.4,D8442A,COMP,PRESS-RELEASE,9BAE84C8BDC19310D676ECB249A72B89,5,1,1,50,50,50,50,50,50,50,50,8/1/2018,,
US/AAPL,8/1/2018,05:02.8,D8442A,COMP,PRESS-RELEASE,8D7F3F161F92DB134A2596EA6597CF59,5,3,4,100,50,100,50,100,100,50,50,8/1/2018,,
US/AAPL,8/1/2018,05:02.9,D8442A,COMP,PRESS-RELEASE,A98A0F1D58094CFE1449A64B04371BD6,5,5,5,50,50,50,50,50,50,50,50,8/1/2018,,
US/AAPL,8/1/2018,07:00.3,D8442A,COMP,PRESS-RELEASE,BBA92D541776A9DAFE367D0809428BD7,5,3,5,50,50,100,50,50,50,50,50,8/1/2018,,
US/AAPL,8/1/2018,27:57.9,D8442A,COMP,PRESS-RELEASE,962F99E72AB11AB2C10DA85FFC9746D9,5,1,6,50,50,50,50,50,50,50,50,8/1/2018,,
US/AAPL,8/1/2018,30:00.7,D8442A,COMP,PRESS-RELEASE,7B844DCAC435292FD6B46A9F889641A3,5,2,3,50,50,50,50,50,50,50,50,8/1/2018,,
US/AAPL,8/1/2018,30:02.2,D8442A,COMP,PRESS-RELEASE,D23FB957AEFA799B8793950D6BD73BF2,5,1,2,50,100,100,50,50,50,50,100,8/1/2018,,
US/AAPL,8/1/2018,30:07.4,D8442A,COMP,PRESS-RELEASE,AA5F79899DBE1E976E3B74A928835618,5,2,5,50,50,50,50,50,50,50,50,8/1/2018,,
US/AAPL,8/1/2018,30:07.4,D8442A,COMP,PRESS-RELEASE,6F5A5663A96B1358E1E5B0C489E50AB2,5,2,6,100,50,100,50,50,50,50,50,8/1/2018,,
US/AAPL,8/1/2018,00:01.0,D8442A,COMP,PRESS-RELEASE,0B6EA3B0CD41E6619FA64E3F9D3F3936,5,2,2,50,50,100,50,50,50,50,50,8/1/2018,,
US/AAPL,8/1/2018,00:01.5,D8442A,COMP,PRESS-RELEASE,7336E0C1EE2ADE0A58FC135CD251609E,5,2,5,50,50,50,50,50,50,50,50,8/1/2018,,
US/AAPL,8/1/2018,00:01.6,D8442A,COMP,PRESS-RELEASE,67A7E051879F36A0E4DB4A31B2774C47,5,7,13,50,50,50,50,50,50,50,50,8/1/2018,,
US/AAPL,8/1/2018,00:05.1,D8442A,COMP,PRESS-RELEASE,458289588431D1051A113DCFF023515F,5,3,3,50,50,50,50,50,50,50,50,8/1/2018,,
US/AAPL,8/1/2018,00:07.0,D8442A,COMP,PRESS-RELEASE,F4BFA49DC92DF20CE3C408E6F07C01A0,5,1,1,50,50,0,50,50,50,50,50,8/1/2018,,
US/AAPL,8/1/2018,00:10.9,D8442A,COMP,PRESS-RELEASE,D19D12BAFE23596D40AC56BE603A5F37,5,3,5,50,50,50,50,50,50,50,50,8/1/2018,,
US/AAPL,8/1/2018,00:11.0,D8442A,COMP,PRESS-RELEASE,467CBBF0DAC2AD575506E687F1ED5F7F,5,3,7,50,50,50,50,50,50,50,50,8/1/2018,,
US/AAPL,8/1/2018,00:25.8,D8442A,COMP,PRESS-RELEASE,900185AC3164439CF3A2ADE31DAE0A94,5,1,9,50,50,100,50,50,50,50,100,8/1/2018,,
US/AAPL,8/1/2018,00:44.2,D8442A,COMP,PRESS-RELEASE,D5BBEA75EB08D381A2168D4EE080E3EC,5,3,5,50,50,50,50,50,50,50,50,8/1/2018,,
US/AAPL,8/1/2018,01:04.3,D8442A,COMP,PRESS-RELEASE,E54ADA2AD3389E4C2517C1E3894C4DBA,5,1,6,50,50,50,50,50,100,50,50,8/1/2018,,
US/AAPL,8/1/2018,02:02.9,D8442A,COMP,PRESS-RELEASE,9D0545212C8E0AF22FE2E32A5459FCDF,5,7,7,50,50,50,50,100,50,50,50,8/1/2018,,
US/AAPL,8/1/2018,05:00.3,D8442A,COMP,PRESS-RELEASE,A1EE367AD3B2A09675CFA984382D93DD,5,2,3,50,50,100,50,100,50,50,50,8/1/2018,,
US/AAPL,8/1/2018,07:01.9,D8442A,COMP,PRESS-RELEASE,1D902F3FD4CBA3645F4C0C6F355F2651,5,2,7,50,50,0,50,50,50,50,50,8/1/2018,,
US/AAPL,8/1/2018,13:01.9,D8442A,COMP,PRESS-RELEASE,74FAE76140C09372B995B089C67FECC9,5,3,5,50,50,100,50,50,50,50,50,8/1/2018,,
US/AAPL,8/1/2018,18:02.0,D8442A,COMP,PRESS-RELEASE,E4C01940A83428F61E45EE3374C160F8,5,2,2,50,50,50,50,50,50,50,50,8/1/2018,,
US/AAPL,8/1/2018,23:03.4,D8442A,COMP,PRESS-RELEASE,1E1879C1DE886D6194444C62411CD2AF,5,16,16,100,50,50,50,50,50,50,50,8/1/2018,,
US/AAPL,8/1/2018,23:05.4,D8442A,COMP,PRESS-RELEASE,71DEECBE2B6BCB039F397D14547ADD3D,5,3,4,50,50,50,50,50,50,50,50,8/1/2018,,
US/AAPL,8/1/2018,30:07.4,D8442A,COMP,PRESS-RELEASE,39495B5D7AABB556E7C96341B229998A,5,7,29,50,50,50,50,50,50,50,50,8/1/2018,,
US/AAPL,8/1/2018,30:30.7,D8442A,COMP,PRESS-RELEASE,1246D74DFF8D30A46D0FC7421ABCEE00,5,7,29,50,50,50,50,50,50,50,50,8/1/2018,,
US/AAPL,8/1/2018,32:05.5,D8442A,COMP,PRESS-RELEASE,DF8E3DFC923663F93C44171F9ADE5879,5,8,8,100,50,50,50,50,50,50,50,8/1/2018,,
US/AAPL,8/1/2018,40:53.9,D8442A,COMP,PRESS-RELEASE,822E86A45236B8F6911677B33C23FA80,5,2,2,50,50,100,50,100,100,50,50,8/1/2018,,
US/AAPL,8/1/2018,44:02.6,D8442A,COMP,PRESS-RELEASE,5842561889EC195124E6D4DA8E67E88A,5,7,7,50,50,50,50,50,50,50,50,8/1/2018,,
US/AAPL,8/1/2018,00:00.5,D8442A,COMP,PRESS-RELEASE,A9F8D425ED2EC596913EEF684B225143,5,5,5,50,50,50,50,100,50,50,50,8/1/2018,,
US/AAPL,8/1/2018,00:08.6,D8442A,COMP,PRESS-RELEASE,65950D86C8B7558470C47E3F9B9E006D,5,3,3,50,50,50,50,50,50,50,50,8/1/2018,,
US/AAPL,8/1/2018,02:41.2,D8442A,COMP,PRESS-RELEASE,0F26D9C630BDC88203134FD6A8EDF870,5,14,15,50,50,50,50,50,50,50,50,8/1/2018,,
US/AAPL,8/1/2018,07:02.5,D8442A,COMP,PRESS-RELEASE,B4D36A049CADDD74E0822B426246E611,5,2,2,50,50,100,50,50,50,50,50,8/1/2018,,
US/AAPL,8/1/2018,07:23.8,D8442A,COMP,PRESS-RELEASE,8BB8F26CD128924C69977ECE6DA92BD1,5,2,2,50,50,100,50,50,50,50,50,8/1/2018,,
US/AAPL,8/1/2018,20:03.7,D8442A,COMP,PRESS-RELEASE,48F3838452F3837AA11E4642C4142F34,5,3,4,50,50,100,50,50,50,50,50,8/1/2018,,
US/AAPL,8/1/2018,22:00.2,D8442A,COMP,PRESS-RELEASE,EBE44A9AADC1777977F82896980D59DD,5,2,2,100,50,50,50,50,50,50,50,8/1/2018,,
US/AAPL,8/1/2018,30:12.4,D8442A,COMP,PRESS-RELEASE,1087572C996F2B3C102F2A9BCC191F4E,5,7,8,100,50,50,50,50,50,50,50,8/1/2018,,
US/AAPL,8/1/2018,30:28.5,D8442A,COMP,PRESS-RELEASE,FEAD980CCB152098E78FE27A952950B4,5,7,8,100,50,50,50,50,50,50,50,8/1/2018,,
US/AAPL,8/1/2018,00:02.2,D8442A,COMP,PRESS-RELEASE,C06EFA949D6C7E673174B5543D1AFFB8,5,3,3,50,50,50,50,50,50,50,50,8/1/2018,,
US/AAPL,8/1/2018,08:00.3,D8442A,COMP,PRESS-RELEASE,5267721E3999D6B52F2A4159432A8E26,5,2,5,50,50,0,50,50,50,50,50,8/1/2018,,
US/AAPL,8/1/2018,08:00.3,D8442A,COMP,PRESS-RELEASE,5056D4587D65D771CFE6D18303F2538F,5,5,5,50,50,50,50,50,50,50,50,8/1/2018,,
US/AAPL,8/1/2018,12:00.3,D8442A,COMP,PRESS-RELEASE,2E99A1734A382F37238236FCAE5880D2,5,1,6,50,50,100,50,50,50,50,50,8/1/2018,,
US/AAPL,8/1/2018,21:26.9,D8442A,COMP,PRESS-RELEASE,CC3F3DA39A22BE28BB75279DF0565C7E,5,3,3,50,50,100,50,50,50,50,50,8/1/2018,,
US/AAPL,8/1/2018,00:00.3,D8442A,COMP,PRESS-RELEASE,EA38351BB06553F48BE381ED92286F9A,5,1,4,50,50,50,50,50,50,50,50,8/1/2018,,
US/AAPL,8/1/2018,00:00.4,D8442A,COMP,PRESS-RELEASE,2B7635797FDE348A9E76BBBAA65E8EAC,5,3,3,50,50,50,50,50,50,50,50,8/1/2018,,
US/AAPL,8/1/2018,00:02.9,D8442A,COMP,PRESS-RELEASE,681A0DC3D96CBB9924E5EAF360D37659,5,1,1,50,50,50,50,50,50,50,50,8/1/2018,,
US/AAPL,8/1/2018,00:03.1,D8442A,COMP,PRESS-RELEASE,C5680F248340E1B3E64123D389B7D723,5,1,1,50,50,50,50,50,50,50,50,8/1/2018,,
US/AAPL,8/1/2018,00:04.0,D8442A,COMP,PRESS-RELEASE,72458CC3B6EABD83A3D449D2963FFDDA,5,3,3,50,100,50,50,50,50,50,50,8/1/2018,,
US/AAPL,8/1/2018,00:04.9,D8442A,COMP,PRESS-RELEASE,8E5C4FA6FA296C05213159DBD5ED5622,5,2,3,50,50,100,50,50,50,50,50,8/1/2018,,
US/AAPL,8/1/2018,02:00.3,D8442A,COMP,PRESS-RELEASE,121E797B648AC1F9F1E1F11AAEF9A4AB,5,2,2,50,50,100,50,50,50,50,50,8/1/2018,,
US/AAPL,8/1/2018,15:03.2,D8442A,COMP,PRESS-RELEASE,E7E536E60E827BA48B80E2594001C512,5,3,3,50,50,100,50,50,50,50,50,8/1/2018,,
US/AAPL,8/1/2018,30:00.3,D8442A,COMP,PRESS-RELEASE,02E3B4BFABDF6CA41B25EF0BCFDABCEC,5,3,26,100,50,50,50,50,50,50,50,8/1/2018,,
US/AAPL,8/1/2018,44:00.3,D8442A,COMP,PRESS-RELEASE,75FE1B4150C4A3B4472FC4E3C480AB9E,5,6,8,100,50,50,50,50,50,50,50,8/1/2018,,
US/AAPL,8/1/2018,34:46.7,D8442A,COMP,PRESS-RELEASE,6A2442FDC50937B96809FB40C759D2EF,5,2,4,50,50,50,50,50,50,50,50,8/1/2018,,
US/AAPL,8/1/2018,46:07.6,D8442A,COMP,PRESS-RELEASE,2DACBC2414BD11D7E7E1186D6364F0E9,5,1,1,100,50,50,50,50,50,50,50,8/1/2018,,
US/AAPL,8/1/2018,50:36.0,D8442A,COMP,PRESS-RELEASE,9692015D762EDEB41A11D34EF5961B94,5,1,4,50,50,50,50,50,50,50,50,8/1/2018,,
US/AAPL,8/1/2018,31:18.0,D8442A,COMP,PRESS-RELEASE,DD269EC0A6AA6B820A1F3FD8DF0A9934,5,1,1,50,50,50,50,50,50,50,50,8/1/2018,,
US/AAPL,8/1/2018,14:00.2,D8442A,COMP,PRESS-RELEASE,6FA9C4AA79F3977C4030F75F40A81348,5,1,3,50,50,50,50,50,50,50,50,8/1/2018,,
US/AAPL,8/1/2018,12:04.4,D8442A,COMP,PRESS-RELEASE,2811E2CC71999B8A8367E40505FE57C1,5,1,2,50,50,50,50,50,50,50,50,8/1/2018,,
US/AAPL,8/1/2018,34:07.0,D8442A,COMP,PRESS-RELEASE,EA4D7E9B3ABF18FFE9917FEC3178EFF6,5,3,3,100,50,100,50,50,50,50,50,8/1/2018,,
US/AAPL,8/1/2018,54:00.3,D8442A,COMP,PRESS-RELEASE,2B6F8DE11357F4FAB095BB3FA4E73EB1,5,2,5,50,50,100,50,50,50,50,50,8/1/2018,,
US/AAPL,8/1/2018,31:20.7,D8442A,COMP,PRESS-RELEASE,EF6F9BAAE2F8BA9D50E1FD74B5C2F039,5,1,7,50,50,50,50,50,100,50,50,8/1/2018,,
US/AAPL,8/1/2018,56:00.3,D8442A,COMP,PRESS-RELEASE,846A71397DD811EBD4BB174D0ADC5A9F,5,1,3,50,50,50,50,50,50,50,50,8/1/2018,,
US/AAPL,9/1/2018,00:03.8,D8442A,COMP,PRESS-RELEASE,B3566BC0BDB2983540DE63C28C9636AA,5,3,4,50,50,50,50,50,50,50,50,9/1/2018,,
US/AAPL,9/1/2018,00:04.6,D8442A,COMP,PRESS-RELEASE,6FA0646F81A9676B68CCEB53D4770D95,5,4,4,50,50,50,50,50,50,50,50,9/1/2018,,
US/AAPL,9/1/2018,00:05.6,D8442A,COMP,PRESS-RELEASE,24F034ADD4A553E34457CF9D92F9B544,5,2,4,50,100,50,50,50,50,50,50,9/1/2018,,
US/AAPL,9/1/2018,00:05.7,D8442A,COMP,PRESS-RELEASE,9A4540ED8015116ECEB226330C1F9053,5,2,3,50,50,50,50,50,50,50,50,9/1/2018,,
US/AAPL,9/1/2018,29:04.4,D8442A,COMP,PRESS-RELEASE,ADB5F9B00EA857AFA8441C1DD0CBA74E,5,5,5,100,50,100,50,50,50,50,50,9/1/2018,,
US/AAPL,9/1/2018,31:02.6,D8442A,COMP,PRESS-RELEASE,61ECA9C288116BFF8B28AB2882D32140,5,1,4,100,50,50,50,50,50,50,50,9/1/2018,,
US/AAPL,9/1/2018,00:00.3,D8442A,COMP,PRESS-RELEASE,0685BD5FEA1F75235F54D998389545F6,5,3,7,100,50,50,50,50,50,50,50,9/1/2018,,
US/AAPL,9/1/2018,12:16.3,D8442A,COMP,PRESS-RELEASE,7194E17914A74BA0040C5E34AEBAFE23,5,2,3,50,50,50,50,50,50,50,50,9/1/2018,,
US/AAPL,9/1/2018,01:01.9,D8442A,COMP,PRESS-RELEASE,E2A86BFB01AFC4B87167605D9749C52C,5,1,1,50,50,100,50,50,50,50,50,9/1/2018,,
US/AAPL,9/1/2018,04:02.4,D8442A,COMP,PRESS-RELEASE,C0B677D3C97D36D4CD93F7011AC99CB7,5,2,2,50,50,100,50,50,50,50,50,9/1/2018,,
US/AAPL,9/1/2018,00:04.4,D8442A,COMP,PRESS-RELEASE,285BA08D503EE6A1024B45D6E9B6E437,5,3,7,50,50,50,50,50,50,50,50,9/1/2018,,
US/AAPL,9/1/2018,00:24.2,D8442A,COMP,PRESS-RELEASE,4CAAC4F695857C264B862ABDB85E85D5,5,3,7,50,50,50,50,50,50,50,50,9/1/2018,,
US/AAPL,9/1/2018,00:00.3,D8442A,COMP,PRESS-RELEASE,970B2EE6EA4BC7C5AF9C80EF11834647,5,1,4,50,50,0,50,50,50,50,0,9/1/2018,,
US/AAPL,9/1/2018,00:05.2,D8442A,COMP,PRESS-RELEASE,DA5F0AFB38C08F52DC6A99CA91557CBE,5,4,4,50,50,50,50,50,50,50,50,9/1/2018,,
US/AAPL,9/1/2018,55:02.7,D8442A,COMP,PRESS-RELEASE,B5F10B4ABB2A9B16E6A5C938BDB15442,5,5,5,50,50,50,50,50,50,50,50,9/1/2018,,
US/AAPL,9/1/2018,00:06.9,D8442A,COMP,PRESS-RELEASE,35E0B9A8B035B068F7F52586EE3F62ED,5,5,5,50,50,50,50,50,50,50,50,9/1/2018,,
US/AAPL,9/1/2018,00:09.3,D8442A,COMP,PRESS-RELEASE,0DDFD1444FD347DE6D3F7B024044F90F,5,2,9,50,50,50,50,50,50,50,50,9/1/2018,,
US/AAPL,9/1/2018,11:05.4,D8442A,COMP,PRESS-RELEASE,0AFA684A0F742991A885D603FF51AACC,5,1,1,50,50,50,50,50,50,50,50,9/1/2018,,
US/AAPL,9/1/2018,12:01.9,D8442A,COMP,PRESS-RELEASE,803C9E763336C230C1895740C85664A0,5,1,1,50,100,100,50,100,50,50,50,9/1/2018,,
US/AAPL,9/1/2018,00:00.8,D8442A,COMP,PRESS-RELEASE,21BCFBC0BBF66A0C303D79447E8BF523,5,2,5,50,50,50,50,50,50,50,50,9/1/2018,,
US/AAPL,9/1/2018,00:01.1,D8442A,COMP,PRESS-RELEASE,0A5D2290F47B3A24FC2B02581BC44EEE,5,1,5,50,50,50,50,50,0,50,50,9/1/2018,,
US/AAPL,9/1/2018,00:04.6,D8442A,COMP,PRESS-RELEASE,804BAF6E09BEC5A4B67CE7D2FC65AB63,5,1,1,50,50,100,50,100,100,50,100,9/1/2018,,
US/AAPL,9/1/2018,00:15.4,D8442A,COMP,PRESS-RELEASE,5385E0C7E0A02198528CD4948CB84130,5,1,2,50,50,100,50,100,100,50,50,9/1/2018,,
US/AAPL,9/1/2018,00:16.0,D8442A,COMP,PRESS-RELEASE,C1B1E96831009C8FD0AA68C2F7A98B7A,5,4,4,50,50,100,50,50,50,50,50,9/1/2018,,
US/AAPL,9/1/2018,10:00.3,D8442A,COMP,PRESS-RELEASE,1C73EC9592B6ECA9A1A64140F3E2FF92,5,1,1,50,50,50,50,50,50,50,50,9/1/2018,,
US/AAPL,9/1/2018,25:02.8,D8442A,COMP,PRESS-RELEASE,126452262524E2ECAD2FECEE5F1F73A9,5,2,6,50,50,100,50,100,100,50,50,9/1/2018,,
US/AAPL,9/1/2018,27:02.3,D8442A,COMP,PRESS-RELEASE,4EF862288BFC5F2575D62EEEDCE0F2C1,5,2,2,50,50,50,50,50,50,50,50,9/1/2018,,
US/AAPL,9/1/2018,30:07.1,D8442A,COMP,PRESS-RELEASE,79F809BF939C166EACF7EED0F8E86AD0,5,5,17,50,50,50,50,50,50,50,50,9/1/2018,,
US/AAPL,9/1/2018,30:34.5,D8442A,COMP,PRESS-RELEASE,803149B45AD8C742B45667244D8C1A43,5,1,1,50,50,50,50,50,50,50,50,9/1/2018,,
US/AAPL,9/1/2018,31:36.6,D8442A,COMP,PRESS-RELEASE,A155B98334E1BC0E31875AC27F1400DD,5,1,1,50,50,50,50,50,50,50,50,9/1/2018,,
US/AAPL,9/1/2018,00:02.6,D8442A,COMP,PRESS-RELEASE,4DD2ECF2868A5D931E857030DF3CA8EB,5,1,6,50,50,50,50,50,50,50,50,9/1/2018,,
US/AAPL,9/1/2018,00:03.2,D8442A,COMP,PRESS-RELEASE,0E4971C22556491AB0CF46A471EBEEB1,5,2,2,50,50,50,50,50,50,50,50,9/1/2018,,
US/AAPL,9/1/2018,00:03.9,D8442A,COMP,PRESS-RELEASE,81E168BE7EEFBC3A5365DC2D52054216,5,14,15,50,50,100,50,50,50,50,50,9/1/2018,,
US/AAPL,9/1/2018,00:11.1,D8442A,COMP,PRESS-RELEASE,163460BB30413FFB6372C5BBF2C4EE6D,5,4,4,50,50,50,50,50,50,50,50,9/1/2018,,
US/AAPL,9/1/2018,00:11.7,D8442A,COMP,PRESS-RELEASE,13C6E04C6F23D0B6F0EE3E63A5119FB3,5,2,2,50,50,0,50,50,50,50,50,9/1/2018,,
US/AAPL,9/1/2018,00:11.8,D8442A,COMP,PRESS-RELEASE,CC4349AFDD7318FBC0E9151422FE444E,5,1,2,50,50,50,50,50,50,50,50,9/1/2018,,
US/AAPL,9/1/2018,00:13.6,D8442A,COMP,PRESS-RELEASE,7BAE321FC03DD33390288EA694E88E8F,5,2,2,50,50,100,50,100,50,50,50,9/1/2018,,
US/AAPL,9/1/2018,00:15.3,D8442A,COMP,PRESS-RELEASE,839D4F3EBA8FDC97242EA6BE834F322B,5,1,1,50,50,50,50,50,50,50,50,9/1/2018,,
US/AAPL,9/1/2018,01:06.6,D8442A,COMP,PRESS-RELEASE,3E31706F831E695CA0F797A707345379,5,2,2,100,50,100,100,100,50,50,50,9/1/2018,,
US/AAPL,9/1/2018,07:04.6,D8442A,COMP,PRESS-RELEASE,2572EFD35E7E65007F469B0986C6EB55,5,5,6,50,50,50,50,50,50,50,50,9/1/2018,,
US/AAPL,9/1/2018,18:13.9,D8442A,COMP,PRESS-RELEASE,D0D68E167C011DDE4F6AEDD68A81463D,5,3,10,50,50,100,50,50,50,50,50,9/1/2018,,
US/AAPL,9/1/2018,26:00.3,D8442A,COMP,PRESS-RELEASE,5DB2442E573B205CD79A8A486AE1AB41,5,6,12,100,50,50,50,50,50,50,50,9/1/2018,,
US/AAPL,9/1/2018,30:03.1,D8442A,COMP,PRESS-RELEASE,F6D929E09AFA210383E692322F69ABCD,5,7,7,100,50,100,50,50,50,50,50,9/1/2018,,
US/AAPL,9/1/2018,40:09.6,D8442A,COMP,PRESS-RELEASE,DE7114E486D42F8BAD4CE3B519C0740E,5,6,6,50,50,50,50,50,50,50,50,9/1/2018,,
US/AAPL,9/1/2018,42:41.3,D8442A,COMP,PRESS-RELEASE,B865FF93BF202AE7565E2D3AA9E4ABD4,5,8,10,100,50,0,50,50,50,50,50,9/1/2018,,
US/AAPL,9/1/2018,10:00.2,D8442A,COMP,PRESS-RELEASE,579CD1BABDF8104F36C27FF681B94741,5,21,22,50,50,50,50,50,50,50,50,9/1/2018,,
US/AAPL,9/1/2018,23:00.3,D8442A,COMP,PRESS-RELEASE,3E2D9C5F7E1170C9B0CCE766A706D222,6,2,3,100,50,50,50,50,50,50,50,9/1/2018,,
US/AAPL,9/1/2018,29:13.5,D8442A,COMP,PRESS-RELEASE,D270AA7D6560B13E61045CB8478E6E11,6,3,5,50,50,50,50,50,50,50,50,9/1/2018,,
US/AAPL,9/1/2018,30:00.3,D8442A,COMP,PRESS-RELEASE,D129CF488DC11FA638FF87A6C1B0EEBF,6,12,15,50,50,100,50,50,50,50,50,9/1/2018,,
US/AAPL,9/1/2018,00:02.8,D8442A,COMP,PRESS-RELEASE,3DA9A127639A1128CE41FF5306F4D8DF,6,1,3,50,50,50,50,50,50,50,50,9/1/2018,,
US/AAPL,9/1/2018,30:06.6,D8442A,COMP,PRESS-RELEASE,637B0C365AE2588D4F9731F8610E300E,6,131,150,50,50,100,50,50,100,50,50,9/1/2018,,
US/AAPL,9/1/2018,30:27.3,D8442A,COMP,PRESS-RELEASE,1BD54780F6BC77DE5F0CEA84AD8D706F,6,131,150,50,50,100,50,50,100,50,50,9/1/2018,,
US/AAPL,9/1/2018,31:44.8,D8442A,COMP,PRESS-RELEASE,5782588A91B805CD4035D8BCED1AAE54,6,10,11,50,50,50,50,50,100,50,50,9/1/2018,,
US/AAPL,9/1/2018,00:03.6,D8442A,COMP,PRESS-RELEASE,7AECD34FE5EF9ED88233706229EA2CD4,6,6,6,50,50,50,50,50,50,50,50,9/1/2018,,
US/AAPL,9/1/2018,00:03.8,D8442A,COMP,PRESS-RELEASE,24F84F2EC60166A3618BC096AA064908,6,1,1,50,50,50,50,50,50,50,50,9/1/2018,,
US/AAPL,9/1/2018,05:35.6,D8442A,COMP,PRESS-RELEASE,5589044E3A2EC4DFC6296F4293E69BB2,6,2,2,50,50,100,50,50,50,50,50,9/1/2018,,
US/AAPL,9/1/2018,15:00.3,D8442A,COMP,PRESS-RELEASE,2D4A1401CE64B93A1C30C13E64ECC1D9,6,1,4,50,100,100,50,100,50,50,100,9/1/2018,,
US/AAPL,9/1/2018,48:00.4,D8442A,COMP,PRESS-RELEASE,AC423C38BAE6825B3DBBC1AF538DC5DD,6,1,8,50,50,50,50,50,50,50,50,9/1/2018,,
US/AAPL,9/1/2018,48:00.4,D8442A,COMP,PRESS-RELEASE,51D576AF3FCEBF9D47E6C42F4EB5BE09,6,1,3,50,50,100,50,50,50,50,50,9/1/2018,,
US/AAPL,9/1/2018,02:00.4,D8442A,COMP,PRESS-RELEASE,BA46E498278656E79C938505FBA95FB5,6,3,7,100,50,100,50,50,50,50,50,9/1/2018,,
US/AAPL,9/1/2018,38:15.9,D8442A,COMP,PRESS-RELEASE,743336529430C1D52CC4320C7E9262CD,6,4,4,50,50,0,50,50,50,50,50,9/1/2018,,
US/AAPL,9/1/2018,29:00.3,D8442A,COMP,PRESS-RELEASE,39A12F66A3916C038359DF977A9AF0A2,6,4,4,50,50,50,50,50,50,50,50,9/1/2018,,
US/AAPL,9/1/2018,44:12.9,D8442A,COMP,PRESS-RELEASE,9F6D21EEB24F7A701DED720EAE19AF02,6,2,4,50,50,50,50,50,50,50,50,9/1/2018,,
US/AAPL,9/1/2018,15:01.7,D8442A,COMP,PRESS-RELEASE,31FD31BB4781C579743605871F383940,6,6,6,100,50,50,50,50,50,50,50,9/1/2018,,
US/AAPL,9/1/2018,25:29.7,D8442A,COMP,PRESS-RELEASE,59D9DF544FE6CE2AE473137D044F5097,6,4,5,100,100,50,50,100,100,50,50,9/1/2018,,
US/AAPL,9/1/2018,28:00.3,D8442A,COMP,PRESS-RELEASE,9E58CDF310F520305A48B8C94A5E43B6,6,3,7,100,50,100,50,50,50,50,50,9/1/2018,,
US/AAPL,9/1/2018,30:45.1,D8442A,COMP,PRESS-RELEASE,CC6824C55E7FB398390EF8CD493B1EDD,6,1,1,50,50,50,50,50,50,50,50,9/1/2018,,
US/AAPL,10/1/2018,45:04.3,D8442A,COMP,PRESS-RELEASE,AEC2D783EF7DD3143DE454F613F36EC7,6,2,2,50,50,50,50,50,50,50,50,10/1/2018,,
US/AAPL,10/1/2018,15:05.4,D8442A,COMP,PRESS-RELEASE,9C23AA9E56ACC12162E02D4E3874ACED,6,2,2,50,50,100,50,50,50,50,50,10/1/2018,,
US/AAPL,10/1/2018,00:18.8,D8442A,COMP,PRESS-RELEASE,68C653966723B9D4C8029F8AC556A01D,6,5,5,50,50,50,50,50,50,50,50,10/1/2018,,
US/AAPL,10/1/2018,02:47.1,D8442A,COMP,PRESS-RELEASE,4BA22F437E0004A2DB104113A640BF6A,6,6,6,50,50,50,50,50,50,50,50,10/1/2018,,
US/AAPL,10/1/2018,00:13.9,D8442A,COMP,PRESS-RELEASE,02F7920EC5FA2CFA24AE816A92E97878,6,2,2,100,50,100,50,50,50,50,50,10/1/2018,,
US/AAPL,10/1/2018,00:01.9,D8442A,COMP,PRESS-RELEASE,8C03DC822E7638363645CF229F4034A5,6,2,2,50,50,50,50,100,50,50,50,10/1/2018,,
US/AAPL,10/1/2018,00:02.4,D8442A,COMP,PRESS-RELEASE,FD6CC8E2092B189352EB8DA19C5E9E9D,6,6,6,100,50,50,50,50,50,50,50,10/1/2018,,
US/AAPL,10/1/2018,00:15.4,D8442A,COMP,PRESS-RELEASE,B472DB6C3AEE422B42A0EDBA2C435ECB,6,1,1,50,50,50,50,50,50,50,50,10/1/2018,,
US/AAPL,10/1/2018,31:33.5,D8442A,COMP,PRESS-RELEASE,6B95E3D50BA1D513895A42F407E9B3B8,6,5,5,50,50,50,50,50,50,50,50,10/1/2018,,
US/AAPL,10/1/2018,00:03.1,D8442A,COMP,PRESS-RELEASE,5612812E4F6D24F4027F286379687464,6,1,1,50,50,50,50,50,50,50,50,10/1/2018,,
US/AAPL,10/1/2018,13:00.2,D8442A,COMP,PRESS-RELEASE,5217984F219A2538272350911CA5C1C5,6,8,11,100,50,50,50,50,50,50,50,10/1/2018,,
US/AAPL,10/1/2018,40:02.0,D8442A,COMP,PRESS-RELEASE,57D6556C5BE4BBFAC1A5350DCC677A70,6,1,4,50,50,50,50,50,50,50,50,10/1/2018,,
US/AAPL,10/1/2018,00:00.6,D8442A,COMP,PRESS-RELEASE,CD1BE459884F97B4F35A6D82AB4A696F,6,4,4,50,50,100,50,50,50,50,50,10/1/2018,,
US/AAPL,10/1/2018,00:03.4,D8442A,COMP,PRESS-RELEASE,6341266BB1428AB5F0F2C874DD8D4CCA,6,4,4,50,50,100,50,50,50,50,50,10/1/2018,,
US/AAPL,10/1/2018,18:30.1,D8442A,COMP,PRESS-RELEASE,A1D071332F6874C2D68971E6C55B14D9,6,1,1,50,50,100,50,100,50,50,50,10/1/2018,,
US/AAPL,10/1/2018,45:03.0,D8442A,COMP,PRESS-RELEASE,C99C5567D513C220518CD46263938503,6,1,1,50,50,50,50,50,50,50,50,10/1/2018,,
US/AAPL,10/1/2018,45:18.4,D8442A,COMP,PRESS-RELEASE,D05C4310C1E7D2768E75C6DD8EBA2863,6,1,1,50,50,50,50,50,50,50,50,10/1/2018,,
US/AAPL,10/1/2018,59:24.9,D8442A,COMP,PRESS-RELEASE,3557350C5E9B6585CD28FAC40FB90211,6,1,1,100,50,50,50,50,50,50,50,10/1/2018,,
US/AAPL,10/1/2018,00:00.9,D8442A,COMP,PRESS-RELEASE,B7396062C943FAF5BEA26356462CB555,6,4,4,50,50,100,50,50,50,50,50,10/1/2018,,
US/AAPL,10/1/2018,00:02.9,D8442A,COMP,PRESS-RELEASE,66E89ED5C03F5464AFDBE5D27AF81B8D,6,5,5,50,50,100,50,50,50,50,50,10/1/2018,,
US/AAPL,10/1/2018,00:07.6,D8442A,COMP,PRESS-RELEASE,363B7BDB3C2A2240F08AFFFBCEFE6A83,6,1,1,50,100,100,50,100,100,50,50,10/1/2018,,
US/AAPL,10/1/2018,00:10.6,D8442A,COMP,PRESS-RELEASE,0C14DCABFDEFB1A00685BEAC3F0217A5,6,1,1,100,50,50,50,50,50,50,50,10/1/2018,,
US/AAPL,10/1/2018,00:12.0,D8442A,COMP,PRESS-RELEASE,399F3FFEC107FB522435C4538558E077,6,1,5,50,50,50,50,50,50,50,50,10/1/2018,,
US/AAPL,10/1/2018,31:01.1,D8442A,COMP,PRESS-RELEASE,24686136C367B04E97621775C5024276,6,4,4,50,50,50,50,50,50,50,50,10/1/2018,,
US/AAPL,10/1/2018,31:02.1,D8442A,COMP,PRESS-RELEASE,C26E27C0E7FF6DDE73085D4CCB685012,6,1,5,50,50,50,50,50,50,50,50,10/1/2018,,
US/AAPL,10/1/2018,36:35.9,D8442A,COMP,PRESS-RELEASE,F3156FBAD3F13921F9A03CA30820C6A5,6,1,6,50,50,50,50,50,50,50,50,10/1/2018,,
US/AAPL,10/1/2018,19:46.1,D8442A,COMP,PRESS-RELEASE,AAFC651C0E6E8A138B14434EA1CB5C22,6,2,2,50,50,100,50,50,50,50,50,10/1/2018,,
US/AAPL,10/1/2018,44:30.1,D8442A,COMP,PRESS-RELEASE,F6BD47DE56E3B1C12729CF2E3D20EA2B,6,1,2,50,50,100,50,50,50,50,50,10/1/2018,,
US/AAPL,10/1/2018,26:00.3,D8442A,COMP,PRESS-RELEASE,6923659E2420C47EA2AF21F2AAE107E1,6,1,1,50,50,50,50,50,50,50,50,10/1/2018,,
US/AAPL,10/1/2018,37:34.6,D8442A,COMP,PRESS-RELEASE,0E3F48FF08FBC24F280013F337B0246E,6,4,4,0,50,50,50,50,0,50,50,10/1/2018,,
US/AAPL,10/1/2018,43:00.3,D8442A,COMP,PRESS-RELEASE,836786E1049BB45E92A44F5D707D6614,6,10,10,50,50,100,50,50,50,50,50,10/1/2018,,
US/AAPL,10/1/2018,45:05.5,D8442A,COMP,PRESS-RELEASE,D08DF9CD361476A44DC5BE883A6BEB08,6,30,35,100,50,50,50,50,50,50,50,10/1/2018,,
US/AAPL,10/1/2018,45:26.5,D8442A,COMP,PRESS-RELEASE,4F7BC06F23E2770AA6DE15E8CD20B1C3,6,30,35,100,50,50,50,50,50,50,50,10/1/2018,,
US/AAPL,10/1/2018,15:00.3,D8442A,COMP,PRESS-RELEASE,D249B073B5208329A325CCC41B984642,6,4,4,50,50,50,50,50,50,50,50,10/1/2018,,
US/AAPL,10/1/2018,20:00.7,D8442A,COMP,PRESS-RELEASE,E6D3F132364D64FF2B8B4C69E318D58C,6,6,6,50,50,50,50,50,0,50,50,10/1/2018,,
US/AAPL,10/1/2018,05:15.4,D8442A,COMP,PRESS-RELEASE,96A186EC2357AF5670AB194374F4FA96,6,4,4,50,50,50,50,50,50,50,50,10/1/2018,,
US/AAPL,10/1/2018,07:00.3,D8442A,COMP,PRESS-RELEASE,E371CB2F6ACFB4B859DA54FC73110AC4,6,5,5,100,50,100,50,50,50,50,50,10/1/2018,,
US/AAPL,10/1/2018,57:50.0,D8442A,COMP,PRESS-RELEASE,0C0E9E4D2593CB451C8BC2D156C67590,6,2,2,50,50,100,50,50,50,50,50,10/1/2018,,
US/AAPL,10/1/2018,54:45.3,D8442A,COMP,PRESS-RELEASE,7553F3AE899CFF9A6F579745624E6C8E,6,9,9,100,50,100,50,50,50,50,50,10/1/2018,,
US/AAPL,11/1/2018,10:02.6,D8442A,COMP,PRESS-RELEASE,11622C3A4F4C0FF809F6C10F49A0D524,6,5,6,50,50,100,50,50,100,50,50,11/1/2018,,
US/AAPL,11/1/2018,00:25.3,D8442A,COMP,PRESS-RELEASE,E7B2DC0460F70331A9DE5267B0C316A9,6,2,2,50,50,50,50,50,50,50,50,11/1/2018,,
US/AAPL,11/1/2018,00:02.8,D8442A,COMP,PRESS-RELEASE,7D757DD8BF7EAE0772ADCCD770B2CF3E,6,5,5,50,50,50,50,50,50,50,50,11/1/2018,,
US/AAPL,11/1/2018,13:29.5,D8442A,COMP,PRESS-RELEASE,2A46C26A304998EA79FE8EDA96BF3460,6,3,6,50,50,100,50,50,50,50,50,11/1/2018,,
US/AAPL,11/1/2018,13:47.2,D8442A,COMP,PRESS-RELEASE,5D88FB0C4AB5393E106C7EC2F438DB5A,6,3,6,50,50,100,50,50,50,50,50,11/1/2018,,
US/AAPL,11/1/2018,00:00.4,D8442A,COMP,PRESS-RELEASE,718009A76D7E9618B3461FCB8EB52F96,6,2,7,50,50,50,50,50,50,50,50,11/1/2018,,
US/AAPL,11/1/2018,00:02.7,D8442A,COMP,PRESS-RELEASE,3C265357FFBD1E94D015EAA4AB72D13A,6,4,6,100,50,100,50,50,50,50,50,11/1/2018,,
US/AAPL,11/1/2018,00:02.9,D8442A,COMP,PRESS-RELEASE,0F860FC2B6B0B7A2C607FF3F26843EE2,6,4,6,100,50,100,50,50,50,50,50,11/1/2018,,
US/AAPL,11/1/2018,00:05.6,D8442A,COMP,PRESS-RELEASE,17680D4416A1184F2AAF99006F3A7268,6,10,10,50,50,50,50,50,50,50,50,11/1/2018,,
US/AAPL,11/1/2018,00:08.6,D8442A,COMP,PRESS-RELEASE,6F199FA6BF1143199CC712B303442EF5,6,2,2,100,50,50,50,50,50,50,50,11/1/2018,,
US/AAPL,11/1/2018,00:08.6,D8442A,COMP,PRESS-RELEASE,1F120F6DD1A8076CB6430B0BCA398407,6,2,3,50,50,50,50,50,50,50,50,11/1/2018,,
US/AAPL,11/1/2018,00:23.2,D8442A,COMP,PRESS-RELEASE,D6656932CE4B251E544DA24B6E1C77DA,6,10,10,50,50,50,50,50,50,50,50,11/1/2018,,
US/AAPL,11/1/2018,00:46.3,D8442A,COMP,PRESS-RELEASE,2712F1CAFEC8A72B637846BFFE427434,6,2,7,50,50,50,50,50,50,50,50,11/1/2018,,
US/AAPL,11/1/2018,42:49.4,D8442A,COMP,PRESS-RELEASE,5CA31407097BB5AADACC029448F3775A,6,3,6,50,50,100,50,50,50,50,50,11/1/2018,,
US/AAPL,11/1/2018,00:03.2,D8442A,COMP,PRESS-RELEASE,128D0E5D9CC8866E4982D432B6808801,6,2,2,50,50,50,50,0,50,50,50,11/1/2018,,
US/AAPL,11/1/2018,00:05.6,D8442A,COMP,PRESS-RELEASE,4D899E5BF2B3075E87C6EF078FF578DB,6,2,2,50,50,50,50,50,50,50,50,11/1/2018,,
US/AAPL,11/1/2018,00:06.1,D8442A,COMP,PRESS-RELEASE,7C82609696031E9B089585D1EF6AD9D9,6,10,10,50,50,50,50,50,50,50,50,11/1/2018,,
US/AAPL,11/1/2018,00:39.6,D8442A,COMP,PRESS-RELEASE,57E8FC1237EAABEF9164634CBFA2461D,6,2,2,50,50,50,50,50,50,50,50,11/1/2018,,
US/AAPL,11/1/2018,15:03.8,D8442A,COMP,PRESS-RELEASE,4B697B846F3D09CBDE19CA06A73D8C6E,6,3,3,50,50,50,50,50,50,50,50,11/1/2018,,
US/AAPL,11/1/2018,30:04.0,D8442A,COMP,PRESS-RELEASE,D40469F48A90CCCCDF92D7CFC9583B8F,6,2,2,50,50,50,50,50,50,50,50,11/1/2018,,
US/AAPL,11/1/2018,40:03.0,D8442A,COMP,PRESS-RELEASE,719A34D5405914BE77E8455F8A233B40,6,1,6,50,50,50,50,50,50,50,50,11/1/2018,,
US/AAPL,11/1/2018,45:04.0,D8442A,COMP,PRESS-RELEASE,D174B3FB6629DDE4B0ED9A0443CF49B1,6,1,1,50,50,50,50,50,50,50,50,11/1/2018,,
US/AAPL,11/1/2018,59:35.6,D8442A,COMP,PRESS-RELEASE,D9ED34EC0FAB68F794A5172E090CB9D3,6,3,3,50,50,100,50,50,50,50,50,11/1/2018,,
US/AAPL,11/1/2018,00:03.2,D8442A,COMP,PRESS-RELEASE,E7D8488245437781EA629D5DFF5E0D14,6,2,2,50,50,50,50,50,100,50,50,11/1/2018,,
US/AAPL,11/1/2018,00:04.1,D8442A,COMP,PRESS-RELEASE,6F5C8EF3CD0B8E0965AB7AB18985A98A,6,1,1,100,50,100,50,50,100,50,50,11/1/2018,,
US/AAPL,11/1/2018,06:10.1,D8442A,COMP,PRESS-RELEASE,DCC5CE27CB26D5F4B7FAF04B7DA592F8,6,3,3,50,50,100,50,100,50,50,50,11/1/2018,,
US/AAPL,11/1/2018,21:53.3,D8442A,COMP,PRESS-RELEASE,44C58C2DEF88E41961E5E79001E55C73,6,8,70,50,50,0,50,50,50,50,50,11/1/2018,,
US/AAPL,11/1/2018,17:00.3,D8442A,COMP,PRESS-RELEASE,2932A41061E32B735652298293EAB2C1,6,1,1,50,50,50,50,50,50,50,50,11/1/2018,,
US/AAPL,11/1/2018,22:00.4,D8442A,COMP,PRESS-RELEASE,6569F50CC31B3B45C273F61303BA7092,6,4,5,50,50,100,50,50,50,50,50,11/1/2018,,
US/AAPL,11/1/2018,26:00.2,D8442A,COMP,PRESS-RELEASE,1233FDD66B645D731776F671C16B6AB9,6,4,4,50,50,50,50,50,50,50,50,11/1/2018,,
US/AAPL,11/1/2018,00:00.7,D8442A,COMP,PRESS-RELEASE,047D43C893020D61DBB8631607700628,6,6,8,50,50,50,50,50,100,50,50,11/1/2018,,
US/AAPL,11/1/2018,05:05.0,D8442A,COMP,PRESS-RELEASE,F1AAC3ECAC380C1AC190DF328EB5BF86,6,2,5,50,50,100,50,50,50,50,50,11/1/2018,,
US/AAPL,11/1/2018,19:28.7,D8442A,COMP,PRESS-RELEASE,54F9F8E6B43B8212C98B2BC529158B1E,6,3,3,50,50,50,50,50,50,50,50,11/1/2018,,
US/AAPL,11/1/2018,30:06.3,D8442A,COMP,PRESS-RELEASE,506DC73FF28FD00D5C3C68B95DF457F7,6,8,8,50,50,50,50,50,50,50,50,11/1/2018,,
US/AAPL,11/1/2018,13:00.3,D8442A,COMP,PRESS-RELEASE,4BA380B630EB713EEA14AA7B5E998A81,6,2,5,50,50,50,50,50,50,50,50,11/1/2018,,
US/AAPL,11/1/2018,34:00.4,D8442A,COMP,PRESS-RELEASE,32C30E7FED64A10F01913C469A53AEEB,6,7,8,50,50,50,50,50,50,50,50,11/1/2018,,
US/AAPL,12/1/2018,15:04.4,D8442A,COMP,PRESS-RELEASE,E907B21E4E116BF805D13B4969A31FC7,6,4,4,50,50,100,50,50,50,50,50,12/1/2018,,
US/AAPL,12/1/2018,55:31.5,D8442A,COMP,PRESS-RELEASE,5E02DEDC4802C018AD510F26E337CB72,6,10,10,100,50,100,50,50,50,50,50,12/1/2018,,
US/AAPL,12/1/2018,56:58.7,D8442A,COMP,PRESS-RELEASE,ED381CE0F05E281DE88D77E69813D3C1,6,1,2,50,50,100,50,50,50,50,50,12/1/2018,,
US/AAPL,12/1/2018,40:18.3,D8442A,COMP,PRESS-RELEASE,4DF337673D6910382738DDBFF4D25D4C,6,2,6,100,50,50,50,50,50,50,50,12/1/2018,,
US/AAPL,12/1/2018,00:04.6,D8442A,COMP,PRESS-RELEASE,024C07C8A98A18E23FB89ECB420DF9FF,6,1,1,50,50,50,50,50,50,50,50,12/1/2018,,
US/AAPL,12/1/2018,00:00.6,D8442A,COMP,PRESS-RELEASE,7C3480D4DAD114A02F0371628FCEF00C,6,3,3,100,50,100,100,50,100,50,50,12/1/2018,,
US/AAPL,12/1/2018,00:07.6,D8442A,COMP,PRESS-RELEASE,357FA9BA585F663D61787B7BBD123056,6,4,8,50,50,50,50,50,100,50,50,12/1/2018,,
US/AAPL,12/1/2018,00:03.8,D8442A,COMP,PRESS-RELEASE,3CF7338D0FABFCCF2CD326D93C069867,6,1,2,50,50,50,50,50,50,50,50,12/1/2018,,
US/AAPL,12/1/2018,12:26.9,D8442A,COMP,PRESS-RELEASE,786F8FD89E77ABD8F915A9C9AEB8731C,6,11,11,50,50,50,50,50,50,50,50,12/1/2018,,
US/AAPL,12/1/2018,00:00.5,D8442A,COMP,PRESS-RELEASE,F94DC195892F14BC0381A6D928C9A28C,6,1,6,50,50,50,50,50,50,50,50,12/1/2018,,
US/AAPL,12/1/2018,01:00.4,D8442A,COMP,PRESS-RELEASE,285BF82D7D54885AA12EF5FCEACFA143,6,3,5,50,50,50,50,50,50,50,50,12/1/2018,,
US/AAPL,12/1/2018,50:21.5,D8442A,COMP,PRESS-RELEASE,DDA82D6D260768BD30E48C7A5D27A55F,6,2,6,50,50,50,50,50,50,50,50,12/1/2018,,
US/AAPL,12/1/2018,00:23.3,D8442A,COMP,PRESS-RELEASE,278B6B3AF79B962FB419D813FC4EF27E,6,2,2,50,50,100,50,50,50,50,50,12/1/2018,,
US/AAPL,12/1/2018,00:45.1,D8442A,COMP,PRESS-RELEASE,DD033F52367DD15ED14015A0B35D42E2,6,2,2,50,50,100,50,50,50,50,50,12/1/2018,,
US/AAPL,12/1/2018,39:52.0,D8442A,COMP,PRESS-RELEASE,CB1CE2EF9EA839286B596BDCE37BA822,6,2,2,50,50,50,50,50,50,50,50,12/1/2018,,
US/AAPL,12/1/2018,06:32.6,D8442A,COMP,PRESS-RELEASE,B612ACE4854F04F8A8EF694826D421D7,6,5,5,50,50,50,50,100,50,50,50,12/1/2018,,
US/AAPL,12/1/2018,30:33.6,D8442A,COMP,PRESS-RELEASE,4DA3162B1E4F530B689F1D3769409421,6,8,9,50,50,50,50,50,50,50,50,12/1/2018,,
US/AAPL,13/01/2018,19:00.3,D8442A,COMP,PRESS-RELEASE,BAE09E47EEA91C1C9544AAACBB3E8F08,6,5,5,50,50,50,50,50,50,50,50,13/01/2018,,
US/AAPL,13/01/2018,30:01.8,D8442A,COMP,PRESS-RELEASE,C094B4888164AB22F6A4EDEC5155652B,6,8,8,50,50,50,50,50,50,50,50,13/01/2018,,
US/AAPL,14/01/2018,00:01.9,D8442A,COMP,PRESS-RELEASE,2EDC3EB644C38C2B49D082899392ADE1,6,2,6,100,50,100,50,50,50,50,50,14/01/2018,,
US/AAPL,15/01/2018,00:04.6,D8442A,COMP,PRESS-RELEASE,42E2B44653010B173F5928F3A479C821,6,2,4,50,50,50,50,50,0,50,50,15/01/2018,,
US/AAPL,15/01/2018,00:05.1,D8442A,COMP,PRESS-RELEASE,6284B9BF9C631A430D4C53AC567CE354,6,2,4,50,50,50,50,50,0,50,50,15/01/2018,,
US/AAPL,15/01/2018,00:24.6,D8442A,COMP,PRESS-RELEASE,10F6790EC9EE8AF3D4E66AA5080BDB01,6,2,4,50,50,50,50,50,0,50,50,15/01/2018,,
US/AAPL,15/01/2018,00:03.1,D8442A,COMP,PRESS-RELEASE,8EFEB7388C218E0A2E7B261C52CBEBCB,6,9,9,50,50,50,50,100,100,50,50,15/01/2018,,
US/AAPL,15/01/2018,00:00.4,D8442A,COMP,PRESS-RELEASE,E271A26BD82FA4591336356D2F4E056B,6,1,1,50,50,50,50,50,50,50,50,15/01/2018,,
US/AAPL,15/01/2018,23:53.5,D8442A,COMP,PRESS-RELEASE,EE09FD5F225E2020CB407B7B33798610,6,5,5,50,50,50,50,50,50,50,50,15/01/2018,,
US/AAPL,15/01/2018,30:00.1,D8442A,COMP,PRESS-RELEASE,4EF86DB635B0E7F18DD284FFB9F5E7B0,6,13,13,100,50,100,50,50,50,50,50,15/01/2018,,
US/AAPL,15/01/2018,00:06.0,D8442A,COMP,PRESS-RELEASE,BA0870E9C55FA6726C9A8D823DFB3E7E,6,6,6,50,50,50,50,50,50,50,50,15/01/2018,,
US/AAPL,15/01/2018,30:07.7,D8442A,COMP,PRESS-RELEASE,E796ED0951CF7D58FA77BFC54F0C376C,6,16,17,100,50,50,50,50,50,50,50,15/01/2018,,
US/AAPL,15/01/2018,30:27.2,D8442A,COMP,PRESS-RELEASE,AFB9F1345B31003BE8809E026ABF373E,6,16,17,100,50,50,50,50,50,50,50,15/01/2018,,
US/AAPL,15/01/2018,39:54.4,D8442A,COMP,PRESS-RELEASE,4F771B00B79874D6BCBC17D4DE9AC653,6,17,20,50,50,50,50,50,50,50,50,15/01/2018,,
US/AAPL,15/01/2018,00:06.4,D8442A,COMP,PRESS-RELEASE,D66C6E574928410C05DB6A5A9FDB5A8A,6,3,3,50,50,50,50,50,50,50,50,15/01/2018,,
US/AAPL,15/01/2018,17:00.3,D8442A,COMP,PRESS-RELEASE,9CF86E64C8BBD0AC9B03FD42E7D1A8EB,6,10,10,50,50,100,50,50,50,50,50,15/01/2018,,
US/AAPL,15/01/2018,35:02.0,D8442A,COMP,PRESS-RELEASE,6279A69148BF0CE3B9CF8875C090704E,6,2,3,50,50,100,50,50,50,50,50,15/01/2018,,
US/AAPL,15/01/2018,35:02.0,D8442A,COMP,PRESS-RELEASE,6C5C95F55F98FE2C36A69725AEB93C74,6,4,5,50,50,100,50,50,100,50,50,15/01/2018,,
US/AAPL,15/01/2018,05:03.0,D8442A,COMP,PRESS-RELEASE,FBA8952B509C92BBF0F1174C263F1F79,6,2,6,50,50,50,50,50,50,50,50,15/01/2018,,
US/AAPL,15/01/2018,10:02.1,D8442A,COMP,PRESS-RELEASE,1DF3082E68484C33FB7C46A7CAAEF0F8,6,5,5,50,50,50,50,50,0,50,50,15/01/2018,,
US/AAPL,15/01/2018,15:04.5,D8442A,COMP,PRESS-RELEASE,858199C89B79D802E2C7D43D6FA3BFEF,6,3,3,50,50,50,50,50,50,50,50,15/01/2018,,
US/AAPL,15/01/2018,17:18.1,D8442A,COMP,PRESS-RELEASE,DC6BE9452A4C2EE1F9F5117DA2B85BEB,6,1,1,50,50,50,50,50,50,50,50,15/01/2018,,
US/AAPL,15/01/2018,05:00.3,D8442A,COMP,PRESS-RELEASE,33ACD376BC149C88919BD218F2B040EC,6,4,7,50,50,100,50,50,50,50,50,15/01/2018,,
US/AAPL,15/01/2018,11:04.4,D8442A,COMP,PRESS-RELEASE,1714749DCB0E92E93056C7A38ED92907,6,1,1,50,50,50,100,50,50,50,50,15/01/2018,,
US/AAPL,15/01/2018,19:05.8,D8442A,COMP,PRESS-RELEASE,3A7EFFF207E956A984F127C30600929C,6,3,4,50,50,100,50,50,50,50,50,15/01/2018,,
